programaId,horas_inasistidas,estado
2,23,1
7,193,0
14,89,1
16,87,1
20,55,1
18,138,0
23,30,1
14,198,0
19,90,1
1,186,0
8,23,1
14,4,1
25,50,1
7,146,0
4,52,1
13,176,0
9,64,1
9,160,0
6,96,1
14,97,1
11,12,1
23,186,0
8,197,0
6,79,1
14,76,1
4,66,1
15,182,0
25,44,1
7,192,0
14,68,1
18,68,1
7,51,1
16,113,1
1,158,0
5,6,1
15,138,0
2,115,1
4,36,1
12,189,0
9,66,1
14,158,0
17,104,1
18,175,0
15,8,1
25,199,0
19,143,0
22,27,1
17,133,0
24,172,0
14,30,1
13,197,0
18,179,0
24,52,1
20,89,1
12,50,1
13,1,1
15,170,0
9,146,0
16,140,0
22,131,0
3,25,1
3,150,0
17,22,1
1,91,1
4,176,0
9,139,0
24,31,1
3,149,0
2,151,0
13,108,1
24,3,1
6,50,1
14,129,0
14,76,1
15,125,0
17,28,1
12,34,1
10,90,1
17,186,0
9,22,1
19,183,0
11,23,1
21,1,1
17,32,1
4,79,1
20,37,1
17,24,1
11,182,0
6,80,1
8,7,1
19,90,1
21,117,1
4,183,0
5,124,0
17,110,1
15,74,1
6,154,0
21,188,0
21,4,1
3,92,1
25,99,1
25,47,1
18,126,0
4,89,1
10,100,1
5,134,0
17,42,1
9,119,1
3,142,0
11,55,1
16,29,1
11,175,0
8,151,0
1,124,0
17,4,1
10,137,0
3,96,1
25,12,1
15,105,1
12,82,1
19,110,1
5,83,1
6,96,1
19,77,1
10,107,1
24,84,1
4,104,1
3,109,1
21,134,0
7,17,1
11,12,1
17,117,1
22,16,1
5,57,1
3,4,1
25,193,0
3,63,1
14,150,0
19,19,1
9,101,1
6,127,0
7,31,1
10,91,1
3,50,1
10,149,0
16,53,1
17,83,1
2,166,0
2,133,0
5,180,0
23,52,1
8,8,1
13,178,0
21,76,1
5,173,0
14,84,1
6,186,0
10,103,1
16,127,0
10,161,0
10,152,0
24,123,0
18,169,0
3,197,0
7,186,0
24,4,1
25,191,0
19,198,0
12,159,0
10,109,1
12,113,1
4,162,0
9,134,0
11,67,1
19,15,1
19,50,1
12,197,0
23,190,0
16,91,1
23,95,1
18,194,0
13,74,1
20,20,1
17,191,0
15,49,1
6,98,1
18,177,0
2,100,1
3,190,0
2,188,0
21,49,1
20,46,1
21,35,1
11,83,1
14,162,0
15,103,1
19,172,0
23,148,0
23,32,1
3,132,0
5,141,0
15,40,1
13,22,1
10,78,1
20,192,0
24,12,1
5,165,0
20,28,1
8,8,1
9,15,1
7,108,1
12,4,1
20,188,0
25,159,0
2,56,1
19,70,1
5,51,1
24,191,0
25,39,1
23,47,1
19,88,1
16,39,1
15,26,1
24,11,1
24,103,1
21,153,0
10,86,1
14,192,0
20,154,0
17,169,0
21,139,0
2,65,1
13,186,0
16,146,0
3,177,0
9,0,1
25,63,1
9,173,0
3,97,1
22,27,1
2,66,1
23,165,0
17,190,0
2,134,0
11,52,1
24,177,0
6,115,1
19,151,0
17,106,1
3,175,0
18,173,0
4,59,1
19,63,1
14,107,1
5,178,0
6,98,1
20,36,1
21,102,1
17,124,0
22,185,0
25,15,1
20,158,0
10,2,1
3,168,0
22,47,1
16,147,0
24,4,1
9,81,1
20,75,1
19,188,0
21,125,0
20,158,0
22,93,1
12,155,0
11,116,1
8,196,0
7,24,1
1,58,1
22,8,1
22,78,1
17,179,0
9,158,0
15,56,1
25,135,0
16,37,1
23,49,1
12,77,1
23,44,1
9,60,1
22,94,1
9,148,0
2,95,1
18,32,1
25,130,0
25,79,1
22,172,0
3,107,1
14,79,1
5,53,1
12,83,1
17,50,1
22,11,1
23,12,1
23,12,1
18,169,0
17,106,1
20,41,1
9,13,1
5,125,0
9,185,0
3,131,0
11,88,1
17,183,0
11,106,1
16,87,1
15,136,0
3,9,1
1,102,1
2,115,1
25,2,1
12,94,1
12,167,0
12,84,1
21,93,1
5,117,1
6,121,0
21,173,0
22,64,1
10,40,1
19,119,1
18,95,1
23,95,1
23,130,0
19,44,1
5,76,1
6,134,0
7,57,1
3,94,1
10,169,0
11,191,0
18,11,1
11,15,1
22,46,1
23,83,1
17,142,0
11,72,1
5,45,1
4,199,0
19,150,0
3,102,1
12,163,0
19,155,0
22,197,0
3,9,1
9,80,1
21,3,1
11,4,1
2,41,1
21,61,1
13,157,0
19,136,0
24,124,0
3,81,1
1,173,0
17,110,1
4,134,0
13,193,0
6,136,0
17,0,1
19,113,1
24,29,1
22,144,0
20,61,1
14,11,1
4,6,1
22,27,1
21,102,1
10,23,1
11,62,1
14,59,1
25,185,0
12,107,1
3,94,1
22,32,1
12,188,0
20,132,0
20,57,1
19,146,0
1,98,1
21,87,1
21,152,0
1,68,1
11,15,1
13,78,1
23,149,0
13,56,1
1,60,1
2,21,1
7,110,1
16,71,1
20,29,1
6,193,0
14,200,0
10,55,1
23,184,0
7,98,1
8,195,0
2,107,1
16,42,1
9,131,0
19,143,0
15,88,1
24,135,0
14,18,1
14,81,1
14,152,0
3,81,1
20,147,0
17,122,0
14,45,1
7,148,0
24,115,1
25,191,0
1,167,0
25,5,1
22,133,0
4,176,0
5,99,1
16,141,0
16,17,1
19,86,1
17,77,1
24,155,0
5,143,0
8,17,1
18,73,1
8,196,0
4,158,0
11,7,1
2,140,0
15,90,1
9,167,0
8,109,1
11,22,1
4,150,0
20,55,1
17,131,0
12,4,1
13,18,1
17,131,0
17,75,1
4,64,1
7,38,1
12,62,1
2,112,1
8,197,0
1,2,1
5,39,1
11,192,0
6,114,1
25,170,0
15,154,0
11,188,0
8,114,1
17,124,0
7,49,1
4,26,1
20,84,1
18,170,0
7,186,0
23,80,1
9,34,1
3,59,1
4,118,1
24,7,1
4,168,0
4,178,0
18,73,1
4,157,0
19,84,1
22,22,1
22,164,0
12,63,1
5,22,1
2,65,1
25,122,0
20,93,1
6,64,1
19,123,0
1,135,0
12,87,1
10,73,1
24,80,1
20,14,1
3,48,1
1,33,1
16,141,0
20,84,1
7,197,0
20,182,0
12,109,1
2,130,0
4,104,1
12,81,1
19,121,0
13,146,0
17,114,1
6,104,1
3,188,0
7,70,1
22,50,1
11,125,0
23,135,0
1,5,1
24,94,1
1,123,0
25,36,1
18,21,1
9,8,1
21,35,1
11,188,0
23,89,1
20,181,0
5,41,1
4,100,1
7,79,1
3,49,1
24,126,0
13,81,1
1,143,0
15,60,1
4,23,1
24,180,0
6,133,0
10,192,0
8,15,1
15,179,0
18,106,1
9,98,1
2,149,0
21,90,1
16,87,1
16,197,0
13,138,0
14,135,0
11,23,1
23,5,1
9,140,0
19,104,1
25,22,1
10,60,1
20,133,0
17,193,0
2,26,1
19,40,1
15,22,1
6,16,1
10,123,0
15,185,0
17,75,1
15,127,0
1,121,0
18,82,1
2,94,1
6,73,1
8,147,0
8,19,1
22,184,0
4,148,0
18,137,0
4,96,1
22,113,1
22,156,0
5,10,1
17,137,0
7,16,1
18,28,1
7,176,0
18,186,0
1,157,0
6,159,0
13,106,1
12,171,0
11,49,1
6,1,1
12,120,1
24,144,0
9,37,1
18,181,0
3,146,0
25,39,1
14,91,1
4,170,0
13,192,0
3,82,1
13,45,1
6,104,1
7,24,1
15,17,1
14,36,1
8,172,0
19,177,0
18,192,0
17,120,1
10,2,1
15,31,1
25,152,0
22,83,1
19,159,0
9,63,1
13,186,0
12,107,1
7,119,1
16,174,0
10,182,0
21,188,0
23,13,1
1,98,1
18,193,0
17,26,1
17,102,1
15,167,0
3,151,0
6,113,1
7,140,0
21,146,0
3,110,1
25,79,1
23,90,1
25,25,1
14,60,1
23,122,0
1,144,0
9,7,1
21,92,1
4,49,1
10,140,0
5,57,1
2,87,1
14,3,1
10,38,1
24,149,0
17,111,1
21,141,0
24,102,1
8,31,1
14,155,0
4,121,0
20,192,0
19,61,1
21,178,0
9,74,1
18,56,1
7,7,1
5,104,1
22,169,0
9,199,0
10,122,0
23,12,1
9,165,0
5,10,1
23,84,1
20,21,1
22,188,0
21,188,0
20,186,0
7,167,0
15,156,0
11,73,1
6,184,0
19,145,0
18,52,1
16,5,1
21,113,1
1,10,1
20,60,1
22,128,0
14,94,1
19,192,0
1,143,0
24,26,1
23,57,1
15,81,1
23,33,1
10,136,0
2,149,0
10,19,1
24,45,1
17,47,1
21,151,0
9,59,1
3,106,1
10,156,0
13,117,1
9,107,1
4,195,0
16,101,1
11,176,0
24,63,1
6,89,1
10,165,0
21,163,0
18,40,1
8,50,1
16,198,0
19,151,0
24,10,1
25,32,1
8,21,1
17,20,1
8,127,0
21,10,1
16,88,1
18,21,1
8,57,1
21,179,0
15,53,1
11,15,1
1,117,1
13,62,1
19,22,1
6,56,1
16,16,1
1,16,1
11,122,0
13,111,1
6,28,1
3,17,1
13,164,0
22,157,0
1,55,1
15,117,1
1,181,0
14,21,1
1,109,1
4,198,0
14,29,1
2,25,1
22,119,1
14,109,1
3,77,1
19,134,0
2,67,1
14,39,1
8,184,0
25,6,1
11,156,0
13,185,0
18,37,1
16,198,0
14,80,1
6,108,1
15,46,1
13,152,0
12,14,1
10,147,0
21,19,1
23,108,1
21,38,1
6,88,1
25,19,1
19,144,0
6,106,1
21,33,1
25,54,1
23,138,0
2,10,1
22,144,0
20,181,0
11,32,1
10,18,1
3,131,0
24,39,1
5,44,1
24,77,1
17,101,1
21,21,1
12,8,1
4,27,1
9,190,0
19,182,0
22,119,1
11,121,0
23,186,0
17,189,0
7,173,0
18,56,1
2,183,0
18,51,1
12,133,0
6,21,1
2,48,1
7,83,1
22,10,1
10,39,1
1,105,1
3,150,0
13,78,1
8,172,0
24,95,1
13,32,1
12,10,1
14,68,1
23,128,0
13,90,1
24,177,0
12,124,0
6,114,1
3,2,1
11,76,1
2,94,1
19,43,1
4,18,1
11,20,1
11,123,0
3,79,1
16,186,0
20,144,0
18,157,0
2,15,1
19,23,1
14,56,1
17,45,1
6,93,1
20,93,1
22,161,0
5,179,0
6,177,0
4,110,1
17,85,1
23,31,1
8,38,1
12,28,1
16,137,0
17,4,1
13,128,0
23,146,0
3,67,1
11,186,0
2,72,1
8,196,0
5,165,0
14,185,0
9,198,0
18,94,1
10,146,0
14,132,0
2,128,0
23,64,1
5,108,1
17,130,0
7,96,1
1,192,0
11,57,1
2,115,1
18,62,1
3,92,1
17,117,1
6,55,1
1,35,1
2,5,1
1,113,1
10,160,0
17,54,1
19,86,1
10,58,1
13,111,1
9,92,1
14,87,1
9,87,1
12,137,0
13,174,0
14,125,0
4,122,0
24,16,1
14,26,1
15,116,1
7,75,1
2,183,0
4,183,0
17,126,0
25,82,1
15,67,1
13,63,1
10,134,0
4,130,0
6,143,0
11,7,1
8,39,1
6,164,0
24,154,0
3,21,1
11,59,1
16,104,1
21,77,1
1,54,1
13,179,0
4,71,1
18,87,1
20,74,1
1,98,1
20,154,0
19,13,1
10,126,0
22,10,1
8,127,0
15,73,1
8,116,1
18,186,0
22,200,0
7,29,1
22,95,1
6,65,1
19,29,1
8,191,0
13,155,0
14,181,0
7,33,1
16,129,0
6,38,1
3,165,0
1,191,0
16,21,1
14,148,0
13,162,0
19,71,1
18,71,1
16,177,0
17,193,0
9,19,1
14,95,1
13,146,0
19,22,1
23,6,1
6,154,0
7,12,1
7,75,1
1,122,0
2,132,0
13,195,0
11,70,1
24,102,1
22,198,0
18,165,0
11,9,1
6,16,1
23,8,1
3,75,1
8,110,1
11,193,0
12,34,1
11,39,1
2,21,1
25,67,1
10,89,1
1,39,1
2,20,1
21,134,0
24,44,1
9,86,1
10,113,1
7,144,0
22,48,1
12,143,0
22,68,1
24,105,1
14,5,1
6,9,1
13,162,0
7,35,1
20,84,1
24,172,0
21,164,0
16,67,1
7,121,0
12,12,1
16,103,1
24,108,1
3,7,1
6,60,1
21,151,0
16,167,0
2,105,1
12,38,1
2,151,0
10,47,1
5,183,0
7,101,1
17,50,1
13,29,1
2,41,1
16,13,1
2,53,1
8,31,1
9,167,0
20,66,1
6,58,1
25,9,1
6,103,1
13,16,1
17,129,0
2,41,1
10,160,0
2,58,1
20,180,0
21,56,1
4,20,1
21,30,1
7,157,0
2,129,0
15,75,1
20,194,0
6,1,1
22,189,0
24,38,1
18,44,1
12,8,1
21,75,1
16,138,0
11,145,0
25,13,1
22,32,1
16,65,1
16,128,0
19,169,0
8,74,1
9,81,1
8,115,1
1,186,0
13,52,1
21,2,1
3,63,1
13,150,0
10,113,1
21,22,1
23,48,1
21,161,0
19,84,1
6,92,1
7,36,1
4,35,1
13,0,1
4,194,0
20,130,0
6,149,0
22,192,0
12,13,1
12,156,0
14,195,0
23,110,1
11,192,0
17,10,1
15,110,1
22,172,0
14,73,1
23,31,1
2,125,0
6,188,0
3,177,0
15,83,1
9,129,0
21,73,1
9,121,0
14,128,0
13,129,0
25,80,1
3,86,1
14,84,1
5,139,0
16,158,0
4,182,0
9,113,1
20,46,1
7,142,0
9,147,0
19,195,0
2,181,0
11,145,0
6,177,0
22,143,0
25,112,1
9,69,1
3,26,1
1,0,1
15,20,1
20,109,1
6,145,0
20,184,0
2,115,1
8,72,1
12,161,0
10,2,1
10,10,1
6,11,1
12,192,0
7,74,1
5,33,1
23,84,1
4,39,1
19,25,1
3,124,0
5,110,1
12,44,1
19,118,1
15,156,0
3,163,0
15,14,1
22,195,0
14,6,1
20,161,0
10,109,1
22,17,1
2,76,1
20,98,1
17,111,1
18,121,0
6,61,1
14,0,1
8,179,0
24,191,0
1,48,1
3,186,0
23,180,0
18,176,0
14,85,1
9,19,1
19,26,1
14,2,1
17,93,1
7,180,0
19,16,1
19,152,0
21,197,0
4,150,0
9,192,0
8,98,1
5,16,1
10,152,0
5,127,0
11,112,1
7,134,0
21,92,1
16,157,0
1,89,1
24,157,0
19,124,0
13,162,0
24,143,0
8,35,1
15,153,0
24,80,1
10,16,1
7,142,0
10,113,1
3,180,0
16,11,1
20,64,1
1,196,0
2,15,1
4,82,1
22,113,1
5,32,1
18,145,0
8,85,1
24,10,1
24,37,1
24,33,1
8,175,0
18,95,1
7,176,0
20,117,1
11,54,1
23,37,1
12,165,0
16,187,0
23,133,0
9,157,0
23,111,1
19,1,1
11,128,0
17,38,1
20,39,1
9,185,0
6,30,1
4,23,1
3,156,0
25,186,0
5,139,0
25,114,1
25,83,1
11,15,1
8,155,0
19,49,1
11,194,0
18,81,1
19,50,1
13,167,0
14,54,1
7,0,1
10,157,0
13,163,0
6,17,1
23,67,1
21,78,1
22,34,1
17,98,1
23,144,0
23,192,0
19,140,0
19,163,0
7,113,1
5,180,0
2,166,0
3,90,1
4,1,1
1,190,0
24,46,1
2,63,1
24,28,1
22,161,0
17,23,1
4,83,1
19,12,1
12,195,0
7,129,0
7,144,0
12,41,1
12,120,1
3,27,1
2,163,0
25,130,0
9,93,1
4,134,0
9,102,1
8,114,1
4,81,1
5,103,1
13,200,0
7,159,0
25,167,0
12,192,0
5,7,1
13,94,1
21,34,1
16,156,0
4,51,1
7,95,1
14,126,0
24,125,0
7,200,0
8,131,0
24,135,0
14,6,1
24,89,1
6,188,0
11,133,0
16,92,1
8,71,1
15,137,0
10,53,1
24,144,0
15,114,1
2,89,1
8,73,1
11,148,0
9,96,1
17,61,1
11,105,1
25,16,1
24,8,1
12,37,1
19,127,0
8,23,1
12,8,1
16,50,1
20,116,1
15,68,1
5,23,1
1,151,0
9,78,1
11,187,0
18,86,1
7,62,1
24,190,0
9,108,1
2,103,1
11,75,1
7,122,0
8,128,0
6,122,0
11,161,0
23,68,1
6,182,0
10,189,0
13,81,1
18,21,1
17,35,1
21,140,0
16,186,0
13,21,1
12,170,0
21,38,1
16,124,0
12,192,0
5,150,0
4,35,1
1,159,0
7,142,0
18,89,1
25,97,1
5,200,0
4,189,0
17,177,0
4,174,0
25,29,1
10,90,1
21,113,1
18,181,0
9,69,1
19,82,1
13,176,0
15,93,1
2,29,1
6,28,1
11,90,1
6,9,1
10,172,0
22,77,1
7,110,1
10,68,1
25,127,0
4,133,0
22,74,1
11,129,0
23,98,1
18,1,1
20,73,1
15,134,0
17,181,0
1,77,1
23,104,1
16,145,0
9,142,0
3,17,1
13,104,1
1,189,0
19,52,1
12,92,1
9,86,1
19,41,1
4,13,1
10,171,0
5,11,1
4,126,0
21,1,1
14,156,0
24,36,1
9,198,0
15,91,1
15,9,1
8,36,1
15,186,0
5,190,0
6,137,0
11,148,0
1,169,0
13,117,1
1,133,0
25,70,1
12,200,0
8,148,0
25,112,1
12,31,1
17,104,1
13,69,1
21,83,1
3,142,0
20,186,0
22,91,1
20,171,0
14,170,0
23,55,1
23,57,1
15,109,1
20,112,1
15,54,1
19,149,0
23,73,1
10,149,0
4,54,1
12,154,0
17,19,1
1,174,0
21,31,1
10,131,0
17,118,1
16,127,0
25,77,1
2,62,1
3,93,1
15,64,1
10,144,0
11,46,1
3,83,1
1,68,1
20,65,1
12,128,0
18,4,1
9,110,1
9,198,0
6,164,0
16,72,1
12,106,1
2,78,1
6,181,0
25,77,1
23,94,1
23,79,1
18,52,1
13,85,1
9,86,1
20,6,1
3,119,1
16,197,0
10,105,1
11,190,0
2,122,0
4,194,0
2,172,0
16,187,0
7,132,0
1,110,1
9,93,1
23,180,0
2,18,1
17,6,1
21,124,0
2,65,1
22,101,1
23,54,1
3,175,0
20,108,1
14,169,0
5,106,1
3,165,0
12,99,1
15,155,0
10,7,1
11,167,0
21,146,0
15,25,1
14,40,1
24,196,0
25,144,0
5,39,1
17,28,1
15,182,0
10,135,0
20,124,0
6,105,1
19,160,0
19,188,0
11,86,1
19,100,1
13,164,0
15,47,1
5,130,0
21,162,0
2,193,0
2,101,1
21,86,1
22,162,0
16,112,1
21,55,1
1,132,0
3,53,1
15,151,0
2,135,0
24,65,1
20,175,0
16,108,1
9,5,1
18,21,1
9,133,0
2,77,1
6,146,0
1,170,0
14,19,1
10,183,0
13,51,1
8,178,0
14,143,0
8,22,1
21,102,1
16,107,1
9,92,1
1,6,1
23,178,0
6,172,0
1,127,0
8,152,0
10,68,1
19,139,0
3,122,0
13,173,0
17,74,1
21,138,0
23,200,0
12,7,1
20,154,0
16,113,1
10,170,0
12,184,0
4,166,0
2,174,0
13,141,0
17,67,1
19,105,1
21,26,1
7,20,1
7,167,0
25,183,0
8,138,0
2,107,1
3,157,0
22,119,1
25,99,1
3,75,1
11,133,0
3,54,1
20,111,1
5,163,0
14,95,1
9,191,0
6,182,0
10,68,1
19,0,1
8,3,1
7,109,1
13,105,1
21,11,1
25,91,1
7,157,0
18,195,0
6,168,0
15,141,0
3,70,1
9,10,1
12,0,1
3,7,1
10,157,0
24,50,1
17,170,0
6,169,0
17,60,1
2,197,0
19,66,1
6,195,0
13,166,0
2,193,0
17,198,0
6,149,0
25,55,1
22,58,1
25,188,0
9,182,0
20,63,1
9,126,0
7,67,1
2,67,1
23,93,1
1,20,1
13,186,0
3,20,1
25,51,1
18,22,1
1,70,1
11,2,1
8,140,0
5,43,1
10,41,1
14,9,1
17,184,0
22,159,0
14,143,0
13,58,1
8,6,1
19,27,1
13,105,1
15,124,0
17,70,1
21,134,0
24,46,1
14,143,0
7,105,1
9,23,1
1,26,1
25,50,1
2,96,1
22,187,0
16,3,1
1,90,1
6,108,1
18,151,0
23,94,1
15,113,1
6,197,0
5,158,0
18,18,1
15,144,0
21,39,1
11,168,0
8,74,1
15,83,1
25,84,1
19,106,1
12,110,1
25,183,0
21,73,1
21,164,0
3,38,1
16,93,1
6,193,0
13,130,0
10,76,1
17,163,0
24,66,1
7,77,1
12,177,0
3,193,0
9,170,0
8,92,1
4,79,1
17,32,1
7,34,1
8,118,1
18,9,1
10,113,1
3,7,1
8,145,0
10,15,1
23,105,1
8,173,0
4,66,1
8,197,0
9,136,0
16,118,1
25,4,1
9,175,0
22,151,0
15,141,0
12,119,1
20,133,0
11,163,0
22,114,1
5,71,1
3,147,0
8,49,1
7,182,0
2,132,0
20,4,1
3,173,0
1,30,1
7,138,0
15,132,0
9,67,1
20,128,0
25,158,0
7,65,1
5,92,1
1,91,1
19,177,0
18,177,0
24,101,1
9,65,1
1,161,0
18,3,1
25,130,0
4,105,1
20,110,1
20,200,0
8,187,0
2,7,1
11,126,0
24,80,1
4,147,0
19,95,1
19,137,0
4,151,0
18,78,1
9,17,1
7,171,0
16,73,1
10,116,1
12,87,1
13,19,1
10,70,1
17,190,0
18,181,0
13,2,1
18,104,1
5,184,0
15,99,1
16,162,0
24,48,1
25,160,0
24,97,1
9,9,1
15,100,1
2,141,0
16,178,0
1,81,1
3,112,1
8,152,0
9,42,1
6,148,0
20,130,0
25,50,1
12,94,1
10,149,0
16,33,1
13,27,1
12,52,1
5,165,0
11,25,1
15,19,1
18,196,0
2,50,1
25,120,1
20,158,0
16,157,0
20,15,1
25,112,1
10,23,1
22,87,1
4,167,0
16,17,1
5,38,1
10,185,0
22,176,0
20,13,1
10,0,1
10,0,1
19,99,1
5,189,0
13,177,0
20,130,0
18,154,0
25,33,1
14,78,1
22,35,1
11,32,1
14,46,1
2,181,0
6,120,1
7,34,1
3,87,1
22,43,1
7,143,0
21,102,1
13,41,1
16,7,1
18,151,0
24,0,1
1,37,1
11,5,1
18,136,0
8,8,1
4,44,1
21,135,0
12,192,0
15,168,0
10,121,0
4,95,1
8,97,1
15,115,1
8,8,1
7,3,1
10,162,0
18,71,1
8,183,0
5,89,1
6,118,1
17,58,1
25,2,1
3,26,1
7,85,1
20,49,1
21,127,0
1,184,0
1,133,0
21,156,0
11,21,1
3,167,0
16,93,1
2,171,0
12,200,0
4,135,0
1,105,1
9,97,1
6,197,0
21,44,1
23,168,0
7,86,1
21,121,0
1,111,1
21,87,1
21,136,0
15,96,1
15,144,0
2,158,0
22,147,0
15,146,0
16,176,0
12,46,1
13,128,0
19,7,1
23,196,0
20,76,1
13,106,1
21,95,1
19,148,0
11,125,0
11,144,0
23,135,0
6,135,0
15,76,1
10,0,1
20,104,1
4,171,0
5,29,1
10,53,1
23,118,1
17,121,0
5,142,0
9,132,0
16,83,1
17,79,1
16,191,0
24,11,1
2,99,1
3,148,0
3,125,0
17,43,1
17,103,1
24,125,0
21,191,0
4,15,1
24,29,1
22,172,0
5,162,0
24,21,1
17,117,1
18,22,1
14,72,1
20,41,1
6,10,1
10,119,1
22,127,0
4,119,1
14,58,1
2,34,1
22,91,1
10,6,1
9,113,1
9,89,1
9,91,1
23,21,1
25,65,1
25,4,1
9,46,1
12,162,0
3,84,1
21,143,0
5,29,1
8,41,1
3,4,1
4,52,1
22,84,1
21,50,1
1,12,1
5,135,0
18,118,1
22,9,1
19,79,1
6,147,0
5,143,0
19,87,1
13,37,1
7,166,0
1,64,1
1,169,0
10,163,0
14,121,0
6,1,1
24,142,0
19,171,0
4,136,0
11,91,1
24,77,1
4,146,0
16,101,1
17,90,1
22,196,0
15,35,1
14,127,0
23,169,0
7,187,0
22,26,1
15,135,0
12,171,0
9,66,1
7,133,0
13,103,1
18,47,1
24,5,1
5,18,1
3,23,1
8,142,0
17,73,1
16,33,1
5,121,0
19,2,1
3,10,1
3,15,1
23,14,1
20,55,1
16,44,1
12,98,1
15,64,1
6,48,1
4,142,0
10,140,0
3,62,1
23,82,1
19,157,0
14,110,1
22,78,1
20,50,1
13,35,1
1,110,1
5,135,0
16,153,0
15,12,1
6,41,1
22,51,1
2,84,1
7,131,0
12,98,1
14,104,1
12,61,1
7,192,0
20,134,0
11,148,0
13,163,0
18,93,1
14,200,0
4,81,1
14,158,0
9,82,1
1,199,0
6,76,1
25,99,1
25,58,1
4,177,0
14,60,1
18,119,1
23,61,1
21,131,0
1,102,1
14,128,0
24,14,1
23,95,1
22,178,0
11,46,1
16,34,1
14,126,0
13,8,1
18,52,1
24,174,0
4,191,0
18,15,1
19,80,1
17,191,0
3,112,1
20,172,0
2,154,0
17,42,1
4,52,1
13,59,1
3,2,1
19,46,1
22,140,0
22,120,1
3,162,0
17,179,0
10,110,1
14,27,1
21,103,1
13,157,0
21,105,1
10,33,1
20,186,0
17,42,1
17,65,1
14,36,1
22,35,1
24,199,0
13,169,0
5,33,1
14,55,1
12,49,1
6,88,1
19,27,1
8,125,0
17,181,0
16,85,1
25,6,1
21,60,1
18,122,0
15,12,1
7,183,0
9,59,1
20,17,1
15,129,0
7,47,1
1,40,1
24,72,1
15,75,1
21,145,0
5,82,1
10,114,1
12,118,1
19,167,0
11,156,0
18,85,1
5,172,0
25,98,1
4,200,0
6,14,1
25,179,0
21,95,1
25,128,0
17,164,0
24,105,1
21,90,1
10,17,1
19,57,1
22,24,1
10,30,1
17,127,0
20,143,0
14,111,1
21,113,1
6,69,1
2,43,1
18,1,1
1,65,1
12,197,0
15,22,1
9,20,1
11,98,1
16,36,1
3,107,1
4,135,0
9,83,1
11,117,1
24,118,1
23,55,1
2,7,1
14,38,1
1,48,1
18,94,1
19,173,0
17,54,1
21,1,1
25,3,1
17,160,0
5,149,0
9,29,1
21,191,0
5,196,0
1,114,1
10,83,1
11,142,0
7,62,1
9,93,1
25,45,1
18,44,1
5,155,0
25,95,1
25,113,1
21,0,1
1,83,1
23,197,0
11,50,1
5,86,1
21,50,1
9,15,1
4,62,1
2,72,1
1,47,1
6,188,0
14,193,0
3,90,1
11,153,0
22,111,1
10,169,0
9,171,0
25,83,1
15,124,0
22,132,0
22,64,1
16,26,1
21,178,0
1,151,0
18,73,1
8,67,1
24,17,1
23,141,0
5,32,1
22,130,0
5,186,0
1,86,1
23,49,1
1,169,0
23,48,1
13,156,0
9,176,0
9,16,1
23,82,1
6,99,1
2,59,1
9,74,1
22,154,0
21,107,1
12,177,0
19,7,1
6,103,1
7,200,0
3,100,1
17,168,0
7,167,0
23,10,1
16,147,0
24,126,0
25,196,0
3,70,1
25,119,1
12,141,0
2,41,1
4,132,0
5,176,0
2,108,1
14,122,0
15,16,1
5,26,1
2,189,0
12,181,0
3,20,1
10,39,1
24,7,1
5,37,1
4,54,1
10,187,0
24,16,1
19,72,1
9,58,1
21,9,1
3,186,0
1,57,1
7,6,1
12,135,0
2,98,1
8,29,1
10,114,1
24,2,1
19,35,1
25,105,1
6,5,1
22,106,1
22,154,0
6,137,0
4,41,1
19,138,0
24,61,1
12,181,0
10,5,1
21,141,0
8,105,1
5,26,1
21,147,0
11,9,1
17,198,0
7,127,0
14,146,0
22,63,1
13,140,0
23,14,1
24,16,1
6,58,1
24,190,0
18,4,1
15,156,0
2,184,0
4,38,1
16,96,1
1,83,1
15,137,0
14,176,0
12,128,0
6,145,0
1,177,0
13,172,0
10,199,0
2,131,0
23,32,1
12,120,1
1,40,1
19,179,0
24,195,0
11,109,1
20,84,1
19,133,0
13,133,0
20,74,1
14,27,1
12,11,1
17,175,0
16,42,1
5,161,0
10,94,1
6,55,1
25,56,1
17,165,0
19,166,0
2,103,1
10,99,1
13,148,0
17,129,0
9,24,1
5,180,0
4,70,1
16,185,0
15,31,1
12,136,0
21,55,1
11,21,1
8,33,1
2,44,1
25,118,1
2,188,0
13,106,1
16,116,1
6,165,0
3,151,0
22,57,1
3,83,1
14,140,0
16,156,0
25,7,1
17,54,1
15,181,0
2,140,0
15,1,1
8,19,1
9,17,1
10,18,1
24,8,1
21,132,0
5,200,0
15,23,1
12,148,0
6,76,1
7,147,0
5,61,1
13,166,0
6,186,0
2,139,0
10,44,1
14,133,0
1,6,1
2,124,0
1,116,1
16,152,0
8,32,1
20,159,0
12,155,0
24,61,1
11,123,0
23,174,0
18,190,0
8,13,1
22,53,1
10,2,1
16,168,0
22,86,1
15,18,1
25,133,0
15,59,1
10,136,0
20,124,0
5,111,1
14,148,0
3,40,1
1,27,1
21,6,1
8,79,1
15,41,1
23,127,0
13,50,1
3,62,1
13,20,1
12,92,1
23,176,0
2,38,1
6,120,1
8,159,0
18,49,1
15,119,1
22,68,1
3,194,0
7,25,1
20,200,0
21,159,0
21,86,1
17,134,0
5,146,0
16,74,1
19,11,1
10,74,1
20,65,1
1,120,1
2,32,1
25,59,1
22,172,0
24,60,1
24,104,1
20,114,1
25,190,0
18,27,1
1,149,0
1,128,0
23,93,1
8,43,1
11,124,0
19,74,1
16,91,1
18,18,1
12,162,0
11,100,1
3,120,1
13,25,1
15,139,0
22,46,1
25,30,1
25,147,0
22,195,0
10,135,0
14,133,0
1,126,0
5,158,0
3,29,1
5,148,0
21,106,1
23,37,1
4,61,1
11,61,1
24,114,1
18,85,1
21,173,0
11,64,1
4,64,1
12,160,0
6,48,1
23,43,1
9,177,0
2,192,0
13,16,1
2,104,1
1,39,1
12,66,1
11,49,1
6,93,1
23,30,1
23,76,1
1,182,0
18,186,0
24,51,1
14,124,0
22,13,1
24,77,1
25,1,1
1,82,1
7,118,1
9,107,1
3,59,1
6,166,0
11,11,1
6,72,1
1,199,0
5,61,1
21,173,0
21,184,0
25,9,1
17,152,0
10,170,0
1,174,0
15,95,1
20,111,1
3,111,1
5,164,0
4,177,0
25,106,1
24,110,1
2,172,0
5,81,1
23,191,0
4,165,0
14,18,1
19,99,1
21,24,1
4,115,1
14,137,0
7,127,0
6,116,1
6,5,1
18,119,1
21,25,1
19,145,0
24,178,0
10,118,1
4,47,1
14,89,1
2,64,1
15,41,1
15,84,1
2,90,1
4,27,1
23,163,0
2,92,1
2,99,1
4,139,0
19,10,1
14,181,0
7,84,1
3,158,0
12,184,0
12,136,0
16,52,1
5,79,1
16,147,0
7,17,1
17,135,0
16,119,1
12,151,0
21,8,1
20,97,1
6,7,1
17,157,0
20,110,1
4,115,1
1,100,1
18,12,1
1,32,1
21,38,1
24,70,1
13,5,1
1,51,1
17,149,0
25,127,0
22,167,0
8,142,0
11,87,1
3,134,0
9,77,1
15,175,0
7,74,1
4,15,1
24,49,1
18,83,1
19,34,1
7,18,1
25,36,1
8,101,1
16,180,0
11,164,0
14,24,1
7,64,1
20,134,0
9,145,0
16,12,1
4,183,0
3,149,0
4,158,0
23,164,0
12,90,1
13,134,0
9,151,0
16,44,1
16,159,0
11,125,0
17,154,0
23,11,1
20,164,0
15,40,1
3,73,1
20,106,1
23,34,1
21,41,1
24,145,0
24,88,1
7,121,0
4,102,1
13,26,1
15,167,0
5,149,0
5,141,0
25,178,0
1,90,1
19,139,0
24,53,1
11,176,0
14,11,1
4,42,1
14,154,0
21,64,1
7,91,1
8,100,1
8,190,0
21,60,1
20,126,0
21,183,0
3,26,1
15,197,0
21,178,0
3,23,1
21,150,0
9,24,1
5,43,1
22,189,0
24,199,0
22,63,1
4,115,1
10,143,0
17,146,0
2,176,0
24,69,1
7,34,1
11,39,1
6,130,0
20,149,0
6,142,0
19,152,0
15,11,1
3,67,1
19,132,0
13,54,1
12,71,1
8,127,0
24,167,0
4,122,0
14,68,1
11,115,1
24,38,1
6,121,0
6,152,0
14,111,1
19,2,1
10,165,0
8,150,0
16,11,1
19,101,1
22,84,1
1,77,1
23,30,1
7,175,0
10,145,0
7,165,0
25,187,0
23,7,1
7,56,1
8,85,1
20,38,1
3,75,1
21,193,0
11,171,0
21,177,0
19,31,1
6,43,1
1,172,0
20,87,1
21,72,1
21,169,0
9,86,1
22,144,0
20,81,1
21,8,1
4,43,1
9,29,1
14,137,0
17,153,0
10,188,0
1,73,1
11,144,0
16,180,0
7,89,1
13,164,0
14,172,0
21,37,1
16,43,1
2,8,1
8,167,0
15,166,0
24,121,0
21,57,1
11,110,1
14,193,0
1,143,0
25,166,0
9,71,1
13,120,1
9,173,0
12,140,0
18,126,0
1,10,1
24,34,1
12,95,1
13,75,1
18,114,1
15,63,1
25,81,1
18,16,1
14,25,1
2,110,1
7,107,1
6,130,0
17,96,1
12,129,0
2,182,0
9,86,1
12,182,0
2,182,0
24,142,0
11,98,1
22,2,1
14,160,0
7,23,1
16,29,1
3,22,1
14,94,1
9,42,1
13,125,0
20,170,0
6,165,0
18,102,1
18,91,1
5,197,0
17,142,0
20,163,0
19,57,1
20,26,1
24,193,0
25,42,1
11,32,1
8,119,1
11,39,1
4,60,1
6,152,0
13,90,1
9,109,1
14,114,1
23,189,0
18,117,1
8,154,0
22,122,0
22,154,0
22,75,1
8,74,1
10,159,0
24,132,0
24,38,1
13,10,1
7,183,0
23,183,0
7,147,0
14,158,0
1,89,1
1,176,0
25,127,0
13,17,1
14,152,0
19,117,1
19,87,1
12,92,1
21,144,0
21,79,1
13,155,0
21,135,0
19,178,0
15,100,1
9,197,0
21,3,1
20,174,0
21,33,1
24,36,1
17,29,1
23,114,1
3,93,1
7,139,0
13,181,0
25,180,0
25,27,1
18,85,1
23,112,1
7,77,1
5,184,0
8,178,0
7,123,0
24,113,1
1,170,0
6,180,0
23,71,1
17,193,0
2,198,0
17,24,1
7,96,1
25,85,1
19,150,0
25,40,1
5,191,0
19,176,0
14,115,1
7,173,0
1,42,1
10,78,1
2,52,1
7,86,1
15,15,1
16,160,0
3,105,1
3,158,0
3,50,1
10,198,0
4,134,0
14,81,1
13,28,1
10,1,1
3,159,0
22,48,1
11,183,0
10,56,1
14,48,1
10,68,1
13,93,1
4,177,0
9,126,0
7,200,0
22,103,1
22,7,1
4,82,1
20,117,1
20,94,1
15,46,1
17,25,1
6,69,1
15,124,0
10,192,0
17,23,1
21,187,0
20,191,0
8,49,1
25,22,1
4,136,0
13,117,1
25,161,0
20,174,0
2,25,1
16,184,0
10,35,1
13,142,0
8,119,1
3,44,1
24,50,1
2,96,1
13,71,1
7,46,1
25,52,1
23,76,1
14,116,1
11,55,1
9,171,0
9,136,0
18,41,1
2,77,1
25,116,1
5,1,1
10,121,0
24,68,1
11,47,1
22,140,0
8,11,1
14,184,0
6,48,1
23,173,0
23,177,0
25,55,1
15,69,1
3,180,0
5,173,0
3,134,0
22,42,1
21,24,1
23,43,1
6,43,1
25,53,1
7,68,1
2,18,1
18,7,1
24,149,0
22,60,1
16,191,0
1,48,1
16,82,1
6,110,1
17,86,1
15,33,1
24,196,0
11,138,0
1,4,1
14,13,1
25,71,1
12,62,1
5,197,0
1,12,1
1,155,0
13,102,1
18,39,1
9,28,1
23,12,1
9,48,1
1,68,1
20,129,0
2,97,1
1,170,0
2,183,0
6,74,1
18,165,0
7,126,0
4,173,0
14,17,1
5,18,1
10,104,1
16,161,0
16,197,0
11,155,0
24,169,0
21,158,0
12,8,1
16,156,0
13,111,1
23,29,1
5,162,0
13,193,0
10,102,1
4,29,1
16,108,1
11,49,1
20,125,0
14,168,0
24,94,1
1,21,1
12,174,0
10,151,0
5,198,0
25,152,0
2,190,0
4,31,1
8,133,0
19,52,1
18,78,1
3,67,1
7,157,0
10,52,1
15,3,1
21,17,1
17,156,0
8,135,0
13,35,1
6,130,0
23,167,0
16,10,1
19,98,1
16,38,1
25,142,0
7,100,1
24,65,1
15,171,0
21,55,1
3,76,1
13,159,0
17,72,1
6,70,1
8,78,1
17,135,0
13,99,1
24,143,0
19,114,1
14,180,0
9,194,0
16,71,1
1,105,1
24,83,1
14,88,1
4,42,1
12,96,1
2,81,1
18,105,1
13,142,0
22,166,0
14,15,1
9,60,1
3,106,1
5,39,1
18,134,0
12,36,1
17,67,1
18,139,0
11,146,0
21,186,0
18,129,0
15,62,1
22,134,0
6,120,1
6,184,0
2,63,1
8,151,0
8,8,1
7,40,1
9,184,0
21,179,0
16,95,1
22,18,1
22,169,0
20,200,0
11,170,0
17,103,1
2,78,1
5,143,0
3,99,1
1,65,1
4,2,1
16,23,1
11,29,1
11,55,1
14,194,0
23,43,1
9,173,0
19,182,0
7,20,1
2,105,1
12,11,1
10,171,0
18,35,1
3,199,0
8,9,1
16,91,1
23,45,1
16,22,1
21,28,1
2,65,1
11,191,0
14,138,0
8,80,1
7,94,1
18,163,0
2,181,0
21,85,1
13,92,1
15,38,1
11,120,1
2,20,1
15,147,0
4,105,1
12,134,0
18,83,1
22,93,1
17,164,0
25,101,1
5,107,1
5,191,0
11,36,1
19,104,1
13,100,1
16,181,0
16,34,1
5,153,0
25,18,1
6,159,0
4,53,1
20,78,1
23,198,0
21,46,1
4,15,1
10,127,0
18,80,1
6,30,1
1,124,0
1,129,0
8,140,0
6,126,0
25,3,1
4,77,1
21,192,0
10,56,1
2,168,0
20,66,1
5,152,0
2,98,1
4,104,1
18,87,1
14,103,1
3,165,0
15,30,1
3,13,1
13,71,1
16,138,0
1,8,1
14,104,1
13,120,1
24,36,1
22,19,1
24,65,1
11,153,0
18,70,1
7,74,1
3,101,1
11,190,0
23,37,1
22,70,1
5,117,1
14,94,1
2,73,1
6,68,1
15,173,0
18,41,1
5,154,0
12,104,1
22,56,1
17,128,0
8,139,0
9,98,1
24,12,1
13,183,0
3,37,1
12,177,0
17,92,1
10,74,1
8,9,1
7,148,0
18,53,1
4,140,0
21,87,1
19,89,1
21,6,1
2,22,1
15,127,0
7,133,0
9,78,1
8,82,1
22,71,1
19,16,1
24,156,0
13,60,1
6,93,1
22,115,1
21,14,1
18,107,1
10,99,1
15,163,0
22,162,0
16,150,0
7,172,0
17,188,0
22,136,0
24,21,1
24,157,0
18,152,0
1,71,1
5,85,1
3,47,1
4,122,0
19,70,1
11,95,1
22,83,1
13,192,0
4,72,1
11,78,1
10,45,1
3,105,1
14,130,0
5,51,1
3,19,1
6,144,0
11,68,1
5,44,1
20,14,1
22,55,1
21,15,1
11,139,0
24,145,0
17,91,1
16,37,1
1,47,1
6,68,1
24,54,1
8,50,1
18,154,0
22,199,0
19,55,1
18,106,1
20,173,0
7,24,1
18,149,0
4,127,0
8,146,0
8,2,1
21,1,1
22,180,0
12,146,0
7,58,1
9,185,0
4,173,0
4,88,1
10,119,1
23,21,1
20,133,0
2,109,1
25,123,0
4,64,1
8,65,1
22,152,0
12,129,0
16,141,0
8,20,1
24,59,1
5,141,0
5,24,1
7,130,0
3,110,1
2,50,1
19,0,1
25,8,1
2,172,0
15,188,0
15,129,0
19,117,1
8,64,1
4,123,0
5,121,0
6,15,1
6,75,1
7,107,1
6,110,1
13,173,0
2,52,1
17,34,1
25,24,1
5,68,1
1,146,0
17,70,1
12,197,0
23,37,1
17,22,1
23,28,1
2,91,1
22,60,1
20,168,0
7,89,1
16,108,1
25,150,0
23,119,1
15,101,1
14,32,1
8,186,0
25,150,0
17,12,1
4,164,0
15,198,0
10,137,0
13,89,1
9,150,0
23,33,1
16,61,1
10,25,1
8,70,1
22,11,1
1,148,0
13,34,1
19,72,1
9,91,1
25,62,1
14,70,1
8,62,1
18,99,1
21,89,1
14,8,1
1,51,1
13,43,1
16,163,0
22,47,1
7,151,0
3,188,0
6,24,1
7,179,0
1,45,1
2,1,1
17,15,1
4,183,0
22,180,0
14,194,0
24,68,1
13,75,1
16,173,0
14,143,0
23,45,1
10,58,1
15,125,0
20,113,1
16,186,0
4,75,1
4,29,1
19,86,1
18,26,1
10,14,1
2,88,1
16,185,0
13,158,0
2,157,0
15,183,0
22,125,0
14,17,1
4,152,0
10,59,1
5,79,1
14,109,1
13,67,1
11,59,1
18,45,1
10,99,1
1,102,1
7,25,1
7,76,1
22,72,1
23,51,1
21,30,1
10,69,1
4,101,1
5,182,0
17,45,1
21,105,1
17,181,0
18,27,1
12,120,1
16,161,0
2,123,0
13,109,1
22,40,1
20,80,1
16,196,0
19,160,0
19,72,1
21,36,1
22,131,0
2,122,0
12,165,0
2,192,0
4,130,0
8,172,0
6,108,1
21,134,0
23,93,1
19,84,1
8,180,0
14,79,1
17,35,1
20,170,0
10,30,1
17,122,0
10,83,1
14,167,0
1,172,0
4,85,1
15,154,0
10,52,1
13,61,1
24,25,1
11,119,1
10,137,0
12,29,1
1,12,1
3,64,1
24,164,0
14,66,1
16,176,0
23,151,0
21,12,1
7,140,0
13,139,0
4,86,1
9,151,0
13,23,1
6,90,1
18,186,0
21,134,0
24,21,1
10,56,1
23,36,1
22,53,1
16,103,1
12,178,0
23,151,0
25,69,1
10,27,1
17,42,1
21,82,1
12,137,0
24,154,0
14,62,1
2,149,0
8,143,0
23,179,0
25,180,0
2,76,1
9,75,1
6,170,0
24,156,0
5,115,1
14,19,1
7,128,0
11,188,0
20,53,1
21,122,0
2,184,0
21,24,1
19,115,1
1,157,0
20,98,1
2,133,0
10,125,0
10,9,1
19,167,0
19,55,1
22,25,1
4,114,1
6,8,1
5,152,0
7,174,0
1,42,1
19,126,0
21,120,1
1,117,1
20,120,1
10,190,0
24,70,1
12,0,1
6,107,1
22,129,0
15,10,1
1,7,1
10,60,1
4,61,1
7,121,0
2,117,1
1,107,1
5,79,1
15,34,1
23,143,0
7,159,0
25,161,0
1,55,1
21,168,0
2,149,0
19,122,0
17,69,1
13,36,1
23,118,1
7,8,1
8,188,0
21,71,1
8,189,0
14,160,0
6,38,1
13,129,0
6,76,1
20,77,1
4,96,1
11,95,1
9,37,1
13,130,0
11,74,1
5,127,0
9,153,0
24,68,1
25,90,1
25,57,1
3,2,1
24,77,1
17,125,0
23,1,1
15,44,1
14,166,0
7,37,1
9,3,1
8,167,0
1,189,0
3,18,1
7,162,0
16,48,1
14,109,1
18,12,1
22,151,0
23,129,0
10,121,0
20,149,0
13,69,1
2,47,1
4,129,0
1,86,1
13,80,1
22,33,1
23,9,1
16,125,0
22,156,0
3,71,1
5,51,1
18,168,0
25,124,0
8,4,1
5,118,1
23,143,0
5,176,0
19,30,1
19,116,1
1,12,1
13,155,0
12,146,0
12,74,1
6,26,1
21,200,0
12,46,1
8,173,0
14,114,1
14,159,0
22,112,1
25,66,1
5,188,0
11,28,1
13,145,0
10,91,1
8,53,1
4,1,1
13,144,0
4,44,1
1,71,1
2,33,1
25,88,1
2,155,0
3,116,1
12,151,0
24,190,0
11,195,0
11,97,1
22,43,1
8,133,0
13,162,0
16,197,0
8,19,1
7,102,1
25,98,1
20,56,1
15,20,1
11,97,1
21,186,0
15,29,1
24,162,0
14,86,1
10,18,1
16,172,0
20,187,0
17,36,1
7,178,0
13,88,1
13,8,1
23,116,1
8,168,0
20,186,0
3,101,1
19,178,0
12,125,0
5,172,0
15,121,0
17,31,1
10,42,1
12,137,0
7,8,1
15,181,0
23,40,1
7,55,1
19,71,1
3,59,1
5,36,1
13,128,0
4,189,0
12,37,1
6,89,1
8,178,0
15,55,1
17,62,1
7,41,1
11,96,1
21,93,1
25,160,0
11,96,1
15,165,0
14,199,0
11,159,0
24,74,1
5,115,1
12,40,1
4,192,0
2,49,1
24,148,0
13,88,1
5,92,1
2,195,0
15,70,1
24,196,0
20,23,1
11,25,1
9,36,1
13,150,0
12,73,1
12,55,1
10,132,0
4,148,0
4,127,0
22,0,1
19,111,1
2,65,1
6,186,0
23,176,0
7,51,1
6,115,1
19,170,0
13,19,1
7,67,1
10,42,1
12,179,0
12,175,0
19,109,1
2,116,1
16,67,1
17,69,1
11,25,1
13,164,0
2,167,0
7,48,1
13,7,1
25,45,1
11,39,1
23,163,0
2,135,0
10,16,1
9,4,1
7,55,1
12,160,0
23,165,0
21,23,1
13,102,1
10,39,1
6,10,1
19,53,1
17,161,0
15,148,0
7,133,0
22,163,0
11,10,1
9,20,1
21,176,0
13,155,0
14,72,1
22,126,0
7,31,1
25,194,0
25,103,1
18,114,1
22,1,1
6,144,0
15,80,1
9,167,0
21,195,0
6,21,1
2,77,1
16,99,1
1,184,0
2,60,1
10,139,0
23,194,0
2,80,1
2,94,1
5,103,1
12,123,0
23,162,0
22,95,1
25,57,1
2,99,1
16,20,1
12,100,1
14,166,0
21,199,0
8,199,0
20,86,1
23,168,0
12,167,0
20,93,1
25,162,0
13,40,1
12,130,0
13,65,1
2,101,1
19,29,1
22,26,1
17,173,0
15,135,0
23,10,1
18,4,1
11,122,0
11,124,0
10,27,1
9,179,0
25,180,0
6,75,1
13,37,1
18,171,0
3,179,0
9,184,0
9,102,1
6,187,0
19,35,1
18,163,0
23,80,1
14,79,1
6,53,1
15,161,0
12,57,1
16,51,1
18,154,0
23,0,1
22,108,1
13,152,0
4,100,1
15,110,1
15,108,1
15,115,1
1,71,1
7,27,1
25,174,0
20,155,0
7,129,0
11,121,0
22,59,1
21,184,0
24,174,0
25,184,0
18,10,1
8,99,1
10,87,1
12,118,1
14,199,0
3,36,1
25,168,0
7,99,1
8,69,1
1,65,1
25,63,1
14,67,1
5,33,1
18,106,1
14,183,0
19,82,1
8,128,0
18,128,0
1,175,0
25,110,1
4,109,1
24,92,1
23,119,1
23,50,1
7,150,0
25,3,1
6,76,1
16,77,1
10,8,1
23,46,1
25,31,1
12,140,0
1,21,1
1,182,0
23,5,1
11,138,0
13,9,1
20,128,0
11,189,0
5,64,1
9,75,1
9,100,1
12,26,1
3,175,0
6,94,1
19,51,1
20,63,1
17,175,0
24,79,1
12,66,1
14,152,0
12,99,1
9,113,1
10,110,1
14,98,1
1,92,1
7,50,1
1,27,1
10,24,1
10,143,0
4,69,1
19,95,1
19,124,0
12,127,0
7,4,1
23,144,0
9,144,0
15,54,1
11,117,1
7,199,0
6,194,0
3,61,1
12,122,0
23,31,1
8,196,0
24,2,1
18,192,0
16,181,0
4,168,0
8,113,1
17,174,0
4,155,0
7,107,1
19,29,1
9,158,0
21,0,1
3,136,0
15,4,1
23,73,1
25,183,0
13,70,1
5,22,1
3,183,0
9,26,1
3,189,0
8,166,0
17,90,1
24,51,1
15,61,1
8,124,0
9,136,0
6,114,1
22,65,1
6,164,0
7,125,0
20,164,0
6,146,0
15,146,0
22,63,1
1,9,1
3,134,0
16,96,1
23,74,1
25,144,0
9,21,1
14,23,1
11,75,1
2,69,1
6,56,1
23,121,0
2,195,0
19,181,0
17,173,0
17,45,1
20,127,0
25,145,0
11,5,1
5,76,1
17,125,0
23,41,1
18,41,1
20,176,0
8,90,1
13,22,1
24,37,1
16,171,0
7,200,0
18,88,1
13,150,0
8,54,1
1,183,0
11,35,1
21,195,0
24,169,0
20,87,1
21,44,1
2,151,0
9,152,0
2,165,0
4,173,0
15,79,1
4,45,1
11,106,1
16,49,1
5,99,1
23,174,0
6,32,1
7,118,1
9,163,0
16,4,1
5,143,0
2,187,0
14,50,1
13,32,1
6,128,0
11,146,0
24,174,0
6,97,1
24,169,0
16,99,1
25,71,1
22,20,1
18,200,0
13,2,1
8,137,0
13,68,1
3,47,1
7,105,1
5,130,0
14,129,0
11,87,1
14,132,0
2,42,1
7,167,0
4,102,1
7,9,1
13,193,0
18,11,1
21,62,1
21,11,1
19,152,0
19,157,0
8,41,1
24,200,0
15,183,0
14,168,0
3,47,1
9,172,0
14,167,0
25,15,1
23,58,1
16,3,1
13,186,0
1,71,1
2,77,1
15,4,1
25,189,0
7,114,1
21,44,1
18,181,0
24,45,1
23,71,1
9,78,1
14,16,1
17,63,1
14,75,1
14,166,0
10,54,1
6,27,1
5,4,1
19,196,0
5,0,1
12,97,1
5,86,1
25,72,1
3,63,1
2,127,0
4,126,0
3,21,1
2,74,1
4,162,0
20,108,1
14,132,0
21,52,1
21,70,1
4,65,1
11,139,0
12,28,1
9,65,1
14,146,0
22,82,1
12,184,0
25,189,0
24,76,1
14,10,1
25,182,0
14,167,0
17,19,1
7,89,1
1,76,1
20,150,0
3,21,1
16,116,1
7,134,0
24,3,1
23,27,1
24,107,1
13,181,0
14,103,1
6,13,1
24,180,0
5,187,0
23,61,1
21,161,0
6,95,1
13,81,1
4,125,0
7,16,1
1,199,0
6,30,1
10,9,1
18,76,1
23,25,1
4,39,1
7,53,1
12,141,0
3,67,1
8,30,1
16,78,1
19,111,1
8,110,1
5,83,1
23,64,1
24,128,0
11,117,1
14,124,0
1,152,0
19,35,1
12,34,1
13,111,1
4,13,1
17,199,0
11,56,1
3,102,1
2,143,0
5,51,1
20,170,0
20,154,0
8,35,1
3,39,1
8,107,1
9,61,1
25,73,1
23,132,0
14,86,1
23,108,1
7,82,1
10,14,1
5,10,1
8,8,1
18,12,1
8,41,1
22,165,0
6,100,1
19,66,1
23,128,0
13,172,0
4,167,0
8,133,0
14,173,0
15,183,0
9,101,1
14,183,0
15,114,1
20,162,0
8,39,1
18,172,0
6,29,1
11,71,1
19,78,1
9,87,1
15,156,0
21,191,0
21,147,0
4,16,1
1,127,0
14,168,0
4,166,0
7,61,1
16,164,0
9,3,1
22,70,1
18,122,0
20,102,1
16,186,0
20,195,0
15,60,1
5,81,1
22,18,1
25,40,1
3,146,0
17,140,0
14,132,0
6,184,0
10,163,0
25,182,0
16,117,1
15,19,1
1,22,1
3,36,1
6,40,1
7,117,1
9,110,1
17,160,0
21,8,1
17,39,1
19,153,0
25,8,1
6,142,0
17,32,1
10,88,1
16,60,1
19,173,0
3,34,1
8,162,0
25,34,1
17,13,1
3,42,1
15,72,1
8,182,0
18,95,1
5,169,0
20,115,1
18,0,1
21,180,0
16,82,1
14,167,0
13,151,0
10,82,1
10,150,0
21,118,1
10,101,1
9,100,1
17,86,1
22,132,0
2,27,1
17,158,0
21,144,0
5,118,1
16,10,1
16,135,0
10,174,0
18,182,0
10,32,1
25,186,0
4,13,1
13,20,1
25,2,1
12,102,1
2,23,1
7,99,1
14,153,0
24,149,0
10,35,1
4,20,1
12,30,1
13,149,0
25,150,0
10,130,0
24,63,1
2,127,0
20,35,1
1,105,1
24,72,1
24,106,1
3,149,0
13,68,1
19,57,1
13,94,1
15,43,1
4,65,1
19,129,0
5,10,1
25,165,0
12,29,1
21,145,0
6,168,0
17,135,0
19,1,1
25,44,1
17,138,0
5,125,0
6,24,1
16,93,1
4,114,1
17,17,1
8,155,0
11,173,0
15,200,0
3,6,1
3,131,0
6,55,1
18,63,1
22,94,1
17,65,1
1,8,1
9,120,1
19,102,1
3,138,0
23,101,1
19,180,0
6,103,1
3,93,1
15,51,1
23,148,0
1,76,1
12,42,1
19,104,1
16,30,1
6,63,1
8,48,1
23,183,0
7,41,1
4,24,1
10,15,1
20,105,1
15,128,0
3,26,1
8,62,1
25,130,0
25,92,1
20,165,0
9,157,0
12,86,1
7,87,1
14,26,1
5,123,0
1,180,0
3,136,0
16,35,1
2,117,1
11,156,0
23,50,1
1,46,1
12,98,1
14,28,1
6,17,1
4,196,0
8,28,1
5,109,1
21,161,0
10,130,0
19,82,1
6,141,0
9,113,1
2,173,0
19,124,0
23,45,1
19,155,0
24,66,1
9,134,0
24,86,1
8,68,1
18,36,1
10,27,1
15,56,1
22,65,1
4,136,0
10,90,1
12,39,1
16,148,0
1,68,1
4,100,1
11,10,1
2,82,1
3,81,1
15,30,1
2,163,0
5,179,0
19,88,1
20,56,1
7,18,1
6,129,0
5,152,0
14,77,1
22,69,1
12,200,0
11,107,1
25,107,1
14,18,1
6,28,1
22,127,0
24,199,0
22,82,1
8,93,1
24,54,1
6,96,1
8,192,0
15,108,1
24,52,1
12,124,0
13,100,1
6,41,1
12,86,1
11,80,1
3,38,1
21,148,0
20,68,1
1,135,0
14,48,1
24,78,1
17,119,1
8,62,1
11,1,1
21,45,1
17,83,1
15,14,1
22,31,1
6,101,1
8,89,1
7,154,0
12,132,0
10,144,0
13,17,1
4,21,1
1,32,1
25,94,1
19,27,1
8,104,1
24,79,1
20,117,1
18,179,0
7,86,1
20,178,0
1,22,1
23,152,0
1,18,1
25,9,1
15,45,1
11,162,0
3,183,0
15,103,1
2,193,0
1,68,1
7,35,1
19,9,1
12,35,1
17,134,0
17,154,0
9,21,1
16,3,1
12,190,0
10,63,1
15,26,1
22,81,1
11,105,1
6,121,0
25,124,0
9,31,1
15,61,1
10,5,1
21,169,0
23,5,1
15,125,0
2,68,1
8,34,1
22,94,1
21,114,1
20,162,0
23,54,1
15,156,0
9,128,0
19,76,1
11,193,0
18,184,0
1,126,0
25,61,1
2,55,1
13,8,1
3,38,1
19,179,0
17,102,1
17,58,1
1,74,1
8,135,0
7,52,1
17,31,1
20,192,0
11,114,1
10,117,1
1,182,0
8,180,0
18,169,0
24,142,0
8,168,0
2,55,1
8,188,0
1,29,1
20,141,0
6,9,1
8,38,1
17,129,0
8,81,1
9,85,1
19,200,0
2,1,1
17,150,0
8,170,0
12,87,1
2,45,1
14,37,1
16,145,0
13,20,1
7,10,1
1,57,1
21,197,0
24,1,1
13,109,1
3,13,1
6,173,0
2,107,1
8,91,1
1,85,1
19,119,1
14,139,0
4,171,0
16,154,0
4,86,1
20,94,1
1,144,0
8,8,1
21,129,0
4,6,1
18,173,0
1,72,1
13,1,1
2,38,1
5,170,0
19,60,1
17,102,1
25,28,1
16,14,1
15,136,0
14,180,0
16,190,0
25,162,0
11,168,0
2,173,0
2,109,1
24,40,1
7,105,1
23,129,0
3,47,1
25,129,0
13,130,0
6,164,0
2,160,0
10,158,0
2,0,1
2,25,1
9,1,1
4,36,1
2,109,1
15,186,0
2,198,0
7,71,1
21,143,0
7,135,0
12,13,1
25,181,0
11,133,0
9,130,0
9,191,0
19,130,0
16,48,1
15,108,1
12,31,1
6,106,1
8,193,0
17,64,1
23,107,1
18,144,0
21,95,1
2,23,1
15,162,0
20,44,1
3,2,1
8,5,1
7,88,1
20,170,0
5,41,1
21,51,1
12,56,1
25,197,0
17,89,1
13,101,1
10,124,0
25,139,0
16,79,1
9,115,1
6,3,1
23,100,1
17,126,0
23,199,0
7,16,1
17,0,1
25,2,1
17,34,1
18,100,1
20,116,1
20,62,1
13,52,1
20,9,1
5,60,1
23,162,0
10,131,0
7,85,1
11,74,1
18,132,0
18,78,1
10,47,1
13,79,1
5,54,1
6,163,0
9,79,1
5,150,0
3,81,1
21,72,1
8,167,0
17,95,1
13,57,1
3,32,1
5,189,0
23,80,1
22,150,0
17,112,1
18,195,0
4,128,0
23,115,1
14,58,1
12,48,1
16,5,1
8,109,1
20,32,1
14,129,0
9,95,1
19,146,0
17,15,1
17,63,1
13,199,0
9,70,1
24,3,1
9,38,1
23,119,1
2,20,1
23,42,1
17,96,1
20,192,0
3,153,0
25,0,1
3,183,0
9,148,0
17,175,0
1,122,0
19,168,0
18,141,0
8,117,1
3,73,1
9,115,1
23,98,1
10,171,0
5,2,1
16,68,1
18,172,0
21,111,1
23,63,1
9,167,0
17,38,1
5,14,1
8,174,0
3,191,0
1,151,0
4,163,0
15,75,1
18,88,1
22,12,1
11,166,0
15,23,1
24,34,1
20,112,1
23,182,0
10,41,1
18,169,0
8,7,1
8,60,1
24,154,0
14,38,1
13,113,1
7,77,1
5,164,0
11,172,0
22,118,1
10,39,1
2,92,1
9,39,1
24,3,1
8,57,1
6,84,1
22,2,1
11,170,0
13,90,1
2,93,1
13,120,1
5,181,0
17,184,0
19,49,1
11,105,1
4,98,1
9,197,0
11,45,1
6,41,1
10,59,1
16,13,1
17,120,1
25,56,1
21,65,1
13,128,0
9,156,0
16,80,1
1,190,0
22,177,0
6,151,0
5,100,1
10,144,0
16,25,1
23,137,0
17,104,1
21,160,0
6,11,1
5,94,1
21,68,1
18,81,1
3,115,1
18,167,0
16,9,1
21,14,1
24,59,1
1,17,1
3,46,1
2,140,0
16,12,1
10,172,0
17,65,1
20,179,0
3,132,0
7,176,0
16,174,0
7,17,1
4,87,1
18,4,1
23,76,1
13,10,1
22,167,0
10,21,1
15,94,1
10,125,0
21,76,1
15,3,1
1,24,1
9,102,1
15,68,1
8,14,1
11,103,1
1,61,1
17,114,1
4,26,1
12,24,1
19,58,1
13,31,1
5,195,0
12,15,1
19,194,0
23,162,0
11,2,1
18,165,0
12,105,1
22,173,0
11,43,1
22,188,0
23,101,1
19,1,1
25,113,1
1,177,0
15,79,1
11,78,1
21,176,0
25,132,0
14,16,1
20,94,1
12,80,1
1,43,1
5,3,1
13,144,0
11,128,0
23,22,1
6,122,0
22,194,0
15,26,1
20,172,0
10,92,1
14,54,1
7,26,1
14,80,1
20,47,1
21,18,1
12,62,1
10,57,1
21,109,1
6,168,0
10,189,0
21,105,1
22,126,0
2,187,0
9,68,1
1,2,1
19,99,1
17,18,1
14,187,0
3,155,0
13,194,0
3,92,1
3,20,1
10,34,1
23,118,1
15,188,0
1,87,1
15,63,1
12,146,0
7,96,1
13,198,0
19,134,0
12,17,1
9,175,0
25,62,1
3,71,1
9,83,1
23,147,0
2,108,1
10,123,0
23,198,0
8,22,1
10,161,0
22,189,0
25,170,0
12,59,1
9,14,1
6,17,1
23,152,0
18,133,0
14,129,0
3,144,0
23,145,0
21,89,1
21,43,1
8,124,0
23,140,0
15,71,1
2,116,1
14,162,0
21,75,1
16,126,0
25,194,0
14,190,0
21,100,1
17,148,0
7,37,1
18,178,0
12,43,1
25,71,1
25,27,1
14,186,0
2,2,1
19,124,0
25,4,1
8,30,1
7,108,1
11,141,0
21,149,0
22,83,1
22,83,1
20,54,1
3,158,0
13,200,0
11,120,1
15,171,0
13,103,1
10,28,1
10,118,1
10,40,1
12,53,1
4,195,0
19,177,0
5,38,1
5,129,0
11,95,1
18,16,1
21,80,1
20,64,1
25,196,0
8,40,1
7,81,1
6,82,1
5,75,1
14,173,0
16,12,1
5,158,0
11,155,0
14,146,0
22,102,1
11,47,1
15,89,1
10,197,0
16,126,0
20,108,1
10,142,0
13,103,1
7,166,0
23,27,1
13,104,1
18,57,1
14,101,1
11,134,0
3,0,1
12,137,0
17,69,1
1,89,1
9,18,1
7,42,1
21,61,1
11,39,1
3,95,1
5,51,1
14,57,1
7,11,1
6,181,0
2,187,0
6,169,0
23,87,1
13,199,0
23,139,0
2,61,1
3,121,0
14,155,0
25,34,1
4,25,1
19,67,1
1,85,1
8,93,1
20,164,0
5,77,1
22,154,0
6,81,1
2,58,1
2,191,0
15,76,1
17,90,1
12,192,0
18,139,0
2,120,1
6,197,0
15,135,0
13,44,1
22,29,1
13,88,1
25,183,0
12,109,1
9,172,0
5,97,1
1,86,1
8,145,0
24,85,1
1,75,1
6,195,0
17,153,0
12,70,1
23,63,1
24,115,1
20,190,0
11,139,0
9,28,1
7,157,0
5,87,1
20,31,1
3,16,1
2,143,0
9,63,1
13,29,1
22,151,0
3,186,0
17,25,1
7,146,0
15,39,1
7,65,1
5,97,1
22,168,0
17,131,0
19,136,0
3,153,0
25,151,0
17,131,0
24,0,1
12,125,0
21,86,1
3,161,0
3,192,0
20,52,1
21,141,0
15,170,0
20,45,1
6,82,1
13,10,1
6,105,1
8,59,1
7,93,1
21,57,1
12,132,0
20,132,0
12,176,0
24,199,0
7,131,0
9,77,1
18,183,0
5,40,1
16,173,0
12,76,1
8,23,1
3,32,1
21,178,0
2,142,0
15,1,1
22,121,0
11,74,1
19,132,0
9,103,1
22,163,0
12,164,0
14,118,1
11,85,1
13,187,0
24,8,1
10,133,0
17,127,0
11,149,0
19,56,1
22,168,0
9,110,1
17,169,0
20,19,1
1,113,1
18,160,0
17,199,0
24,45,1
22,102,1
13,198,0
20,12,1
2,170,0
14,55,1
14,38,1
18,76,1
5,120,1
23,145,0
21,15,1
9,190,0
7,134,0
4,193,0
13,22,1
24,32,1
18,165,0
14,73,1
1,45,1
10,13,1
3,179,0
12,160,0
12,131,0
1,101,1
20,76,1
6,28,1
10,169,0
12,104,1
5,139,0
9,177,0
15,107,1
23,64,1
23,63,1
10,139,0
24,13,1
17,20,1
24,98,1
6,58,1
14,22,1
25,142,0
9,66,1
16,143,0
10,59,1
18,32,1
24,135,0
23,199,0
3,16,1
25,62,1
24,101,1
4,133,0
1,44,1
14,84,1
14,27,1
21,60,1
25,140,0
16,140,0
6,118,1
16,164,0
25,168,0
16,8,1
20,194,0
15,135,0
2,117,1
20,145,0
25,131,0
23,190,0
4,177,0
18,153,0
11,101,1
20,109,1
19,133,0
19,60,1
11,127,0
9,124,0
5,131,0
24,62,1
1,163,0
14,116,1
16,14,1
24,18,1
4,198,0
15,187,0
10,163,0
20,84,1
25,93,1
21,186,0
6,112,1
4,160,0
16,142,0
6,53,1
2,64,1
8,25,1
20,200,0
13,25,1
10,117,1
3,56,1
10,39,1
16,194,0
11,112,1
12,143,0
18,36,1
18,0,1
6,76,1
8,188,0
9,182,0
9,112,1
21,155,0
10,37,1
4,76,1
22,165,0
1,23,1
17,103,1
21,162,0
1,15,1
2,46,1
21,130,0
21,92,1
12,97,1
15,77,1
1,141,0
14,165,0
5,69,1
20,152,0
23,70,1
9,6,1
14,113,1
4,160,0
8,35,1
13,96,1
23,10,1
7,134,0
9,158,0
2,77,1
15,32,1
17,16,1
20,26,1
20,41,1
25,64,1
6,36,1
9,122,0
14,58,1
23,153,0
15,184,0
17,54,1
8,122,0
12,160,0
5,7,1
15,91,1
7,172,0
16,86,1
15,176,0
21,193,0
14,190,0
8,11,1
5,126,0
19,151,0
3,152,0
12,161,0
16,41,1
3,80,1
15,136,0
5,84,1
8,56,1
17,19,1
12,43,1
14,83,1
9,97,1
20,94,1
17,82,1
20,184,0
6,70,1
24,137,0
7,21,1
23,139,0
23,137,0
24,123,0
5,0,1
19,9,1
22,142,0
25,101,1
12,74,1
16,85,1
11,43,1
17,13,1
25,7,1
21,104,1
6,5,1
6,55,1
6,32,1
1,161,0
25,38,1
14,125,0
3,149,0
23,129,0
8,3,1
22,17,1
6,139,0
24,76,1
18,4,1
20,37,1
17,178,0
22,60,1
18,56,1
17,110,1
19,149,0
18,172,0
12,62,1
2,124,0
2,152,0
16,54,1
7,79,1
16,170,0
6,119,1
25,70,1
16,37,1
18,74,1
2,175,0
19,145,0
5,48,1
16,89,1
20,135,0
9,16,1
17,198,0
25,75,1
22,101,1
13,54,1
12,69,1
21,24,1
18,55,1
13,78,1
12,145,0
9,42,1
7,31,1
7,162,0
22,54,1
25,180,0
1,86,1
5,75,1
5,185,0
7,117,1
5,44,1
23,197,0
22,133,0
19,66,1
23,118,1
1,129,0
1,143,0
14,45,1
25,124,0
1,161,0
6,169,0
25,123,0
22,136,0
10,41,1
5,28,1
18,59,1
22,88,1
5,15,1
14,107,1
9,7,1
22,98,1
16,149,0
21,120,1
11,3,1
4,180,0
3,56,1
3,16,1
10,5,1
20,53,1
21,157,0
18,65,1
17,29,1
18,25,1
4,116,1
10,5,1
16,181,0
10,14,1
11,60,1
12,51,1
19,193,0
17,72,1
12,195,0
12,136,0
17,27,1
8,63,1
19,132,0
24,82,1
10,92,1
18,18,1
8,68,1
23,68,1
4,59,1
17,77,1
2,12,1
21,32,1
9,198,0
22,162,0
19,13,1
9,21,1
4,109,1
22,126,0
8,166,0
18,42,1
12,140,0
17,125,0
8,134,0
16,140,0
3,122,0
16,28,1
5,117,1
7,68,1
6,139,0
6,188,0
13,129,0
12,23,1
22,200,0
19,92,1
4,69,1
17,33,1
17,173,0
23,65,1
14,109,1
18,13,1
24,14,1
10,179,0
5,181,0
21,63,1
8,151,0
22,195,0
24,163,0
6,199,0
12,123,0
1,52,1
24,58,1
20,184,0
11,178,0
13,94,1
15,59,1
18,156,0
20,1,1
11,14,1
9,63,1
21,139,0
9,0,1
20,76,1
17,29,1
22,33,1
9,116,1
15,176,0
1,194,0
25,140,0
2,65,1
9,5,1
13,98,1
4,147,0
19,71,1
14,12,1
12,117,1
1,112,1
4,18,1
5,190,0
19,94,1
2,168,0
5,87,1
24,68,1
16,55,1
20,79,1
16,13,1
5,46,1
9,52,1
13,126,0
21,118,1
7,168,0
10,54,1
13,108,1
7,75,1
23,11,1
15,124,0
18,0,1
14,81,1
11,33,1
14,58,1
10,41,1
17,134,0
9,89,1
11,189,0
9,110,1
19,106,1
24,98,1
10,44,1
20,70,1
9,67,1
11,78,1
2,152,0
10,27,1
8,178,0
24,180,0
9,113,1
6,25,1
4,51,1
20,7,1
9,74,1
8,155,0
23,184,0
3,114,1
16,130,0
21,78,1
25,108,1
24,84,1
12,9,1
4,142,0
1,158,0
12,89,1
22,150,0
8,39,1
12,94,1
18,189,0
20,188,0
10,147,0
6,193,0
12,192,0
10,171,0
17,112,1
12,160,0
14,160,0
20,87,1
21,164,0
9,149,0
12,111,1
8,195,0
20,2,1
22,55,1
14,102,1
5,114,1
11,7,1
11,25,1
9,118,1
9,12,1
24,128,0
2,112,1
1,72,1
21,141,0
22,60,1
12,21,1
9,14,1
8,128,0
25,148,0
14,102,1
17,156,0
17,105,1
3,121,0
3,195,0
15,180,0
22,18,1
21,111,1
1,29,1
5,157,0
18,155,0
25,10,1
13,180,0
20,0,1
15,155,0
11,163,0
4,166,0
22,18,1
17,66,1
7,191,0
21,145,0
3,46,1
6,42,1
6,65,1
4,116,1
10,76,1
6,159,0
10,28,1
13,151,0
19,185,0
21,22,1
7,4,1
8,73,1
3,49,1
20,23,1
18,121,0
7,40,1
15,63,1
6,103,1
24,181,0
2,61,1
7,181,0
10,35,1
10,189,0
24,98,1
10,79,1
5,147,0
19,137,0
17,136,0
17,66,1
3,57,1
4,26,1
24,38,1
20,52,1
4,160,0
1,36,1
18,8,1
1,63,1
22,158,0
21,15,1
8,90,1
13,62,1
19,107,1
17,113,1
11,21,1
25,182,0
13,70,1
24,140,0
6,167,0
23,12,1
6,163,0
24,141,0
13,198,0
10,38,1
9,116,1
11,39,1
23,145,0
5,141,0
8,40,1
3,151,0
12,83,1
13,142,0
21,1,1
9,82,1
22,81,1
8,131,0
12,111,1
22,98,1
18,200,0
20,48,1
16,11,1
12,46,1
21,97,1
11,96,1
9,197,0
17,94,1
8,102,1
8,13,1
16,70,1
5,189,0
17,33,1
6,31,1
2,175,0
6,35,1
22,96,1
12,23,1
17,168,0
18,117,1
11,168,0
21,102,1
6,70,1
24,190,0
14,62,1
11,139,0
13,142,0
10,24,1
8,124,0
16,130,0
5,49,1
2,6,1
8,170,0
13,161,0
12,129,0
13,182,0
21,147,0
17,40,1
15,5,1
8,82,1
13,40,1
12,51,1
4,85,1
21,173,0
22,26,1
4,140,0
15,16,1
21,174,0
6,182,0
2,2,1
1,164,0
10,80,1
9,95,1
10,141,0
10,135,0
6,39,1
15,30,1
7,119,1
18,95,1
21,162,0
6,67,1
9,74,1
20,185,0
24,81,1
15,58,1
12,59,1
25,39,1
12,14,1
25,117,1
9,38,1
20,161,0
3,178,0
12,179,0
20,198,0
9,41,1
24,87,1
10,120,1
3,168,0
13,195,0
19,25,1
24,8,1
17,88,1
21,96,1
10,149,0
24,100,1
5,80,1
14,58,1
20,166,0
6,55,1
5,175,0
19,162,0
1,56,1
21,178,0
1,153,0
11,125,0
6,59,1
1,68,1
8,177,0
13,125,0
17,5,1
11,116,1
3,11,1
12,68,1
10,185,0
22,21,1
3,148,0
7,68,1
16,158,0
1,52,1
2,59,1
15,11,1
19,137,0
7,10,1
4,72,1
10,80,1
25,21,1
12,24,1
11,1,1
4,93,1
7,0,1
21,136,0
21,96,1
7,85,1
6,187,0
7,196,0
20,197,0
4,167,0
19,102,1
20,106,1
2,170,0
22,89,1
25,111,1
9,137,0
3,47,1
25,126,0
8,75,1
10,80,1
23,93,1
4,136,0
9,7,1
10,189,0
13,130,0
13,102,1
17,41,1
3,71,1
4,162,0
5,121,0
5,75,1
5,199,0
11,154,0
22,47,1
23,48,1
15,126,0
9,19,1
16,107,1
25,118,1
19,158,0
16,21,1
14,53,1
1,89,1
10,147,0
23,15,1
3,81,1
21,168,0
22,74,1
19,146,0
5,5,1
10,181,0
3,58,1
24,129,0
16,171,0
20,150,0
10,151,0
24,102,1
11,102,1
6,8,1
20,19,1
12,60,1
13,199,0
2,2,1
1,118,1
22,151,0
20,93,1
13,36,1
21,99,1
16,163,0
15,92,1
2,34,1
3,193,0
10,133,0
23,53,1
8,121,0
19,48,1
21,195,0
17,41,1
2,87,1
13,119,1
17,179,0
8,3,1
14,42,1
1,147,0
17,107,1
24,134,0
20,193,0
19,25,1
21,92,1
10,143,0
3,139,0
23,189,0
4,78,1
21,80,1
19,198,0
7,168,0
19,157,0
7,94,1
2,42,1
21,194,0
8,32,1
25,158,0
25,191,0
17,185,0
6,183,0
15,1,1
3,119,1
11,94,1
20,38,1
20,121,0
4,170,0
3,142,0
3,36,1
1,106,1
23,181,0
2,187,0
19,185,0
19,40,1
23,62,1
14,169,0
12,55,1
19,94,1
7,188,0
24,197,0
21,3,1
10,163,0
14,16,1
20,39,1
5,151,0
8,49,1
23,157,0
13,47,1
20,29,1
17,39,1
24,106,1
16,190,0
18,172,0
6,187,0
21,33,1
14,116,1
24,148,0
9,86,1
25,160,0
1,156,0
3,4,1
23,105,1
22,109,1
19,6,1
1,77,1
18,41,1
25,173,0
16,44,1
13,175,0
6,73,1
1,119,1
3,53,1
15,4,1
6,200,0
7,113,1
14,157,0
2,1,1
18,11,1
5,62,1
6,158,0
22,66,1
18,181,0
19,73,1
1,94,1
19,26,1
9,73,1
7,197,0
17,56,1
23,44,1
9,109,1
10,167,0
4,68,1
3,2,1
6,59,1
7,95,1
10,162,0
14,192,0
10,87,1
6,101,1
8,36,1
10,175,0
17,155,0
4,186,0
25,129,0
3,29,1
15,17,1
17,157,0
4,74,1
5,92,1
24,46,1
15,133,0
2,67,1
1,157,0
18,172,0
6,30,1
5,33,1
16,45,1
15,84,1
10,90,1
3,120,1
20,107,1
3,184,0
10,7,1
9,113,1
9,36,1
25,76,1
24,173,0
20,106,1
1,164,0
17,104,1
7,14,1
2,146,0
1,139,0
23,71,1
16,61,1
7,133,0
22,66,1
24,99,1
11,156,0
3,45,1
6,101,1
15,57,1
7,72,1
14,137,0
22,0,1
10,114,1
6,51,1
12,47,1
3,183,0
2,43,1
13,184,0
10,96,1
20,106,1
19,192,0
6,81,1
19,115,1
12,182,0
5,118,1
3,76,1
5,184,0
12,129,0
19,25,1
8,104,1
19,92,1
8,42,1
23,92,1
6,91,1
23,98,1
18,53,1
4,194,0
19,5,1
18,127,0
10,96,1
10,163,0
16,55,1
19,90,1
13,197,0
2,198,0
12,170,0
13,119,1
15,153,0
16,14,1
24,39,1
1,104,1
7,76,1
17,189,0
5,174,0
5,178,0
1,146,0
1,25,1
24,21,1
19,57,1
11,170,0
20,152,0
20,88,1
1,39,1
8,116,1
18,171,0
8,62,1
12,158,0
9,118,1
21,13,1
23,15,1
11,50,1
13,69,1
24,26,1
2,154,0
2,138,0
14,49,1
9,28,1
10,36,1
4,84,1
20,120,1
7,114,1
18,0,1
6,122,0
3,146,0
22,69,1
21,141,0
10,79,1
10,20,1
4,172,0
6,79,1
7,113,1
24,81,1
5,91,1
15,59,1
7,134,0
9,35,1
4,134,0
6,9,1
15,159,0
2,187,0
5,149,0
14,16,1
10,176,0
24,86,1
9,12,1
15,45,1
24,32,1
7,98,1
1,151,0
9,156,0
11,51,1
6,126,0
1,25,1
11,190,0
8,132,0
8,188,0
21,5,1
17,80,1
15,15,1
21,80,1
3,109,1
24,140,0
24,91,1
23,128,0
19,134,0
14,199,0
5,18,1
10,119,1
10,29,1
19,73,1
11,160,0
15,168,0
6,182,0
17,14,1
11,11,1
16,146,0
3,139,0
15,96,1
23,152,0
7,50,1
23,100,1
14,16,1
24,56,1
8,140,0
14,120,1
8,175,0
8,21,1
8,55,1
4,137,0
19,55,1
12,164,0
2,127,0
19,114,1
4,49,1
14,97,1
21,149,0
13,71,1
12,22,1
18,115,1
20,74,1
7,44,1
20,166,0
21,76,1
23,85,1
15,129,0
9,15,1
12,40,1
5,88,1
22,16,1
13,77,1
13,157,0
17,36,1
14,46,1
3,56,1
13,9,1
7,133,0
3,45,1
14,199,0
4,19,1
4,140,0
8,48,1
14,68,1
15,51,1
13,172,0
13,106,1
20,170,0
8,35,1
3,25,1
21,185,0
11,113,1
25,198,0
8,45,1
12,100,1
25,155,0
13,141,0
9,144,0
23,23,1
14,106,1
7,166,0
4,76,1
23,4,1
22,163,0
3,192,0
18,194,0
11,50,1
8,7,1
21,3,1
13,83,1
21,110,1
13,144,0
11,56,1
25,53,1
4,160,0
8,118,1
22,181,0
24,36,1
8,146,0
2,94,1
17,109,1
17,86,1
23,131,0
15,14,1
18,30,1
10,52,1
22,162,0
11,135,0
16,4,1
4,109,1
21,128,0
12,80,1
4,112,1
3,181,0
6,111,1
18,55,1
6,140,0
10,168,0
10,105,1
14,144,0
10,104,1
22,67,1
24,22,1
1,4,1
23,62,1
19,146,0
3,26,1
2,117,1
14,39,1
13,77,1
1,69,1
9,100,1
12,122,0
2,175,0
12,41,1
3,0,1
2,195,0
13,59,1
16,1,1
21,99,1
15,163,0
18,97,1
22,77,1
16,7,1
5,59,1
6,52,1
6,144,0
14,195,0
21,149,0
14,138,0
24,120,1
25,169,0
24,84,1
25,33,1
23,101,1
14,152,0
6,147,0
7,58,1
8,181,0
13,32,1
5,19,1
15,69,1
14,99,1
5,108,1
2,153,0
21,181,0
4,7,1
1,58,1
2,143,0
13,188,0
10,72,1
7,145,0
11,67,1
15,9,1
22,29,1
23,123,0
22,145,0
8,81,1
9,73,1
9,141,0
25,9,1
19,81,1
1,194,0
12,147,0
3,157,0
9,128,0
13,112,1
23,5,1
23,127,0
7,101,1
5,153,0
22,35,1
22,27,1
12,128,0
23,64,1
11,30,1
9,159,0
20,28,1
6,171,0
14,184,0
23,44,1
7,13,1
8,165,0
7,82,1
20,4,1
10,107,1
9,54,1
25,25,1
16,97,1
7,46,1
5,199,0
16,169,0
21,143,0
9,149,0
19,135,0
8,129,0
5,92,1
8,17,1
15,75,1
9,186,0
14,127,0
14,149,0
25,132,0
13,141,0
11,141,0
23,195,0
14,138,0
15,42,1
10,173,0
8,102,1
16,141,0
18,47,1
2,101,1
14,157,0
4,61,1
1,9,1
8,100,1
4,118,1
6,16,1
24,10,1
24,98,1
19,200,0
23,1,1
9,52,1
2,18,1
7,90,1
1,43,1
25,78,1
10,50,1
2,168,0
1,112,1
2,182,0
2,125,0
14,180,0
9,33,1
18,122,0
12,86,1
18,38,1
10,73,1
12,94,1
23,86,1
3,131,0
9,142,0
15,75,1
9,76,1
20,65,1
25,125,0
21,53,1
16,81,1
25,112,1
13,137,0
14,144,0
20,88,1
14,173,0
15,186,0
25,15,1
4,69,1
18,72,1
5,7,1
2,16,1
22,150,0
22,34,1
25,84,1
12,11,1
20,34,1
17,34,1
3,186,0
18,45,1
13,30,1
19,197,0
11,115,1
15,59,1
5,91,1
21,112,1
3,78,1
21,140,0
23,86,1
12,135,0
18,56,1
17,63,1
15,8,1
20,124,0
21,121,0
10,139,0
15,64,1
5,200,0
8,92,1
1,18,1
7,94,1
17,155,0
2,68,1
11,147,0
20,10,1
19,114,1
10,31,1
18,189,0
25,65,1
2,59,1
24,3,1
17,71,1
8,155,0
1,93,1
20,55,1
18,188,0
12,145,0
13,12,1
19,0,1
17,21,1
22,103,1
7,160,0
7,63,1
1,194,0
12,90,1
11,2,1
7,20,1
8,125,0
1,42,1
23,52,1
4,186,0
19,191,0
17,0,1
10,113,1
21,20,1
9,199,0
23,117,1
20,183,0
14,20,1
17,161,0
3,134,0
21,12,1
13,108,1
15,85,1
22,102,1
10,24,1
15,27,1
5,45,1
12,51,1
13,152,0
6,108,1
7,190,0
23,95,1
1,14,1
2,184,0
18,149,0
13,171,0
16,37,1
19,101,1
7,28,1
4,94,1
6,191,0
11,53,1
16,106,1
17,25,1
3,18,1
9,166,0
4,26,1
15,49,1
24,14,1
11,167,0
23,134,0
7,75,1
18,143,0
2,105,1
12,118,1
21,62,1
17,28,1
10,117,1
20,66,1
17,4,1
3,152,0
15,141,0
18,111,1
10,170,0
17,56,1
8,6,1
3,109,1
12,29,1
11,149,0
5,24,1
10,2,1
7,98,1
23,180,0
19,60,1
9,198,0
18,152,0
5,196,0
9,94,1
24,63,1
21,111,1
24,131,0
10,126,0
12,200,0
25,99,1
24,57,1
21,196,0
7,59,1
6,137,0
6,85,1
11,148,0
8,132,0
3,176,0
6,56,1
15,154,0
15,150,0
6,29,1
8,88,1
20,76,1
7,0,1
19,144,0
22,187,0
9,109,1
22,27,1
14,29,1
17,1,1
7,200,0
25,168,0
22,7,1
3,18,1
19,177,0
6,112,1
18,119,1
25,45,1
17,17,1
3,29,1
22,44,1
1,71,1
9,181,0
16,9,1
16,74,1
9,42,1
7,149,0
16,161,0
24,30,1
25,127,0
10,69,1
15,185,0
1,16,1
10,0,1
4,147,0
9,89,1
18,11,1
2,133,0
10,143,0
9,137,0
4,164,0
9,93,1
16,73,1
1,1,1
18,128,0
23,67,1
19,114,1
23,124,0
20,67,1
25,76,1
8,128,0
17,14,1
20,9,1
16,137,0
17,52,1
21,160,0
16,61,1
14,42,1
17,4,1
16,136,0
10,164,0
12,5,1
14,187,0
3,200,0
24,71,1
5,75,1
13,105,1
16,62,1
17,53,1
18,193,0
17,54,1
18,168,0
17,163,0
2,160,0
2,98,1
11,29,1
9,102,1
11,46,1
9,155,0
5,27,1
18,137,0
9,93,1
25,160,0
2,46,1
24,53,1
8,119,1
16,187,0
9,130,0
22,140,0
19,6,1
25,30,1
25,95,1
25,48,1
8,183,0
12,24,1
7,71,1
4,92,1
4,18,1
23,26,1
7,17,1
8,174,0
7,61,1
6,46,1
19,139,0
2,68,1
21,68,1
2,68,1
10,132,0
1,105,1
11,39,1
7,58,1
24,90,1
19,144,0
15,178,0
5,62,1
1,28,1
25,112,1
3,54,1
5,74,1
21,63,1
18,26,1
20,191,0
23,143,0
2,16,1
14,81,1
3,194,0
4,200,0
17,149,0
14,4,1
16,20,1
15,34,1
20,71,1
12,95,1
12,147,0
20,194,0
13,135,0
2,145,0
7,145,0
19,58,1
23,143,0
4,58,1
12,159,0
3,58,1
25,121,0
13,146,0
8,79,1
14,59,1
20,47,1
8,126,0
11,189,0
9,72,1
18,111,1
25,62,1
17,45,1
8,149,0
5,199,0
9,163,0
9,16,1
15,177,0
12,81,1
12,173,0
23,67,1
10,8,1
21,139,0
5,137,0
4,195,0
20,44,1
11,7,1
12,76,1
1,111,1
13,89,1
23,82,1
15,65,1
22,180,0
14,56,1
11,163,0
22,63,1
8,114,1
9,21,1
18,75,1
8,15,1
6,3,1
25,95,1
2,36,1
25,111,1
1,188,0
13,189,0
18,100,1
24,26,1
7,136,0
3,31,1
23,123,0
9,78,1
8,122,0
9,117,1
9,158,0
5,79,1
5,35,1
8,58,1
10,27,1
16,142,0
4,29,1
18,118,1
11,176,0
19,57,1
24,138,0
3,125,0
14,136,0
19,174,0
1,67,1
19,73,1
17,105,1
10,155,0
10,58,1
7,121,0
10,132,0
17,194,0
7,37,1
3,52,1
2,26,1
4,183,0
8,199,0
21,1,1
23,46,1
23,175,0
4,117,1
2,157,0
11,73,1
9,93,1
11,188,0
20,113,1
22,133,0
4,104,1
12,196,0
19,133,0
14,68,1
19,123,0
25,166,0
15,96,1
18,37,1
7,136,0
20,39,1
17,114,1
4,69,1
9,11,1
25,66,1
8,49,1
23,135,0
1,4,1
16,153,0
9,92,1
6,9,1
23,93,1
23,66,1
21,161,0
7,155,0
9,150,0
12,15,1
5,75,1
8,190,0
2,35,1
18,175,0
8,93,1
8,123,0
24,170,0
14,83,1
1,173,0
11,36,1
22,25,1
21,59,1
5,179,0
23,187,0
4,83,1
8,159,0
20,38,1
23,42,1
3,132,0
9,31,1
21,39,1
2,33,1
23,147,0
23,144,0
24,118,1
18,177,0
3,16,1
12,69,1
11,128,0
18,56,1
5,162,0
3,183,0
17,117,1
14,51,1
15,152,0
12,132,0
18,43,1
11,21,1
22,60,1
22,179,0
17,51,1
9,141,0
10,123,0
13,93,1
9,187,0
23,111,1
24,121,0
16,24,1
21,137,0
9,197,0
10,11,1
22,12,1
16,35,1
6,146,0
22,64,1
7,27,1
23,96,1
17,76,1
1,34,1
20,0,1
8,73,1
2,175,0
18,76,1
7,138,0
11,28,1
2,20,1
2,158,0
21,84,1
1,158,0
15,185,0
5,110,1
9,144,0
3,134,0
5,168,0
15,53,1
4,61,1
24,58,1
20,176,0
4,96,1
20,94,1
11,95,1
9,116,1
23,136,0
25,70,1
12,178,0
3,136,0
6,44,1
24,76,1
18,7,1
10,42,1
13,69,1
3,130,0
12,3,1
1,159,0
7,7,1
4,196,0
16,134,0
21,57,1
1,90,1
14,117,1
8,41,1
15,117,1
18,0,1
13,89,1
11,159,0
11,182,0
3,157,0
22,128,0
8,33,1
18,37,1
6,64,1
12,182,0
7,93,1
7,60,1
11,182,0
5,71,1
11,199,0
6,130,0
21,182,0
9,111,1
8,161,0
21,148,0
24,166,0
17,178,0
15,14,1
23,96,1
11,10,1
25,43,1
21,6,1
3,75,1
11,131,0
23,48,1
7,90,1
7,63,1
8,114,1
21,89,1
17,137,0
3,184,0
14,171,0
24,121,0
8,29,1
20,109,1
19,44,1
2,143,0
2,194,0
15,168,0
8,167,0
8,103,1
4,161,0
11,6,1
8,172,0
14,41,1
11,193,0
23,114,1
20,20,1
22,32,1
14,80,1
8,21,1
10,11,1
20,167,0
21,138,0
5,19,1
13,135,0
13,148,0
13,25,1
3,30,1
17,31,1
5,142,0
11,61,1
25,88,1
13,40,1
16,34,1
14,52,1
14,74,1
8,180,0
20,100,1
23,39,1
5,173,0
15,23,1
3,107,1
5,103,1
22,28,1
21,31,1
15,86,1
10,123,0
13,166,0
3,81,1
11,134,0
4,18,1
21,138,0
1,190,0
23,123,0
1,96,1
19,174,0
12,0,1
10,83,1
4,170,0
24,113,1
19,51,1
10,34,1
10,51,1
3,2,1
25,14,1
22,134,0
4,146,0
15,113,1
23,200,0
19,53,1
8,17,1
22,17,1
25,160,0
14,83,1
5,76,1
4,111,1
23,156,0
22,127,0
17,64,1
20,119,1
10,29,1
17,182,0
4,168,0
7,124,0
10,84,1
6,152,0
10,153,0
21,98,1
5,20,1
9,78,1
9,196,0
8,79,1
7,47,1
1,127,0
13,109,1
16,103,1
23,58,1
17,42,1
15,38,1
15,24,1
4,109,1
9,164,0
15,148,0
16,48,1
9,31,1
22,41,1
1,21,1
21,157,0
24,62,1
4,192,0
15,197,0
20,199,0
12,0,1
10,57,1
6,164,0
8,86,1
4,8,1
7,57,1
18,161,0
20,26,1
6,115,1
21,92,1
6,125,0
5,174,0
11,45,1
10,171,0
11,191,0
2,33,1
17,127,0
2,71,1
1,131,0
3,89,1
1,114,1
23,192,0
13,145,0
17,39,1
11,132,0
19,130,0
24,132,0
24,72,1
11,68,1
3,118,1
2,81,1
11,92,1
13,140,0
22,166,0
12,161,0
10,99,1
13,95,1
25,90,1
22,120,1
16,134,0
22,165,0
7,82,1
14,195,0
24,73,1
16,104,1
1,29,1
9,149,0
6,126,0
8,102,1
8,71,1
3,92,1
18,102,1
10,147,0
25,132,0
11,158,0
17,117,1
23,72,1
19,134,0
19,141,0
11,103,1
2,41,1
19,123,0
4,162,0
18,29,1
8,74,1
1,16,1
23,29,1
20,178,0
23,199,0
11,82,1
19,197,0
13,125,0
16,177,0
22,117,1
13,124,0
25,166,0
8,129,0
23,103,1
5,166,0
2,57,1
23,44,1
12,26,1
11,46,1
10,157,0
14,31,1
2,31,1
12,200,0
9,169,0
16,16,1
13,166,0
1,112,1
22,77,1
24,200,0
9,98,1
2,190,0
21,174,0
5,166,0
3,195,0
15,56,1
1,54,1
5,97,1
24,38,1
4,90,1
3,81,1
24,58,1
12,60,1
25,23,1
13,196,0
2,60,1
10,87,1
1,21,1
13,116,1
3,193,0
23,49,1
20,20,1
8,131,0
20,83,1
25,183,0
8,136,0
5,166,0
19,108,1
5,114,1
6,194,0
17,176,0
2,188,0
22,128,0
14,189,0
8,24,1
17,114,1
23,81,1
11,77,1
6,178,0
22,78,1
18,88,1
1,10,1
8,119,1
21,20,1
16,149,0
2,58,1
24,179,0
10,183,0
21,39,1
12,157,0
18,166,0
23,16,1
19,156,0
1,14,1
13,145,0
7,88,1
20,60,1
14,57,1
6,183,0
13,35,1
3,155,0
19,162,0
9,13,1
13,48,1
3,0,1
16,133,0
3,54,1
18,8,1
6,79,1
17,145,0
15,26,1
23,178,0
5,31,1
14,179,0
22,106,1
12,85,1
13,28,1
22,181,0
8,24,1
18,145,0
15,105,1
7,150,0
2,194,0
9,110,1
18,60,1
12,13,1
19,119,1
17,65,1
22,167,0
17,1,1
18,8,1
6,155,0
17,176,0
4,148,0
4,48,1
14,197,0
4,79,1
16,121,0
23,80,1
16,180,0
16,45,1
19,142,0
20,82,1
5,119,1
4,181,0
1,26,1
15,23,1
15,183,0
4,40,1
13,75,1
11,192,0
8,118,1
19,113,1
12,130,0
14,113,1
15,87,1
9,155,0
2,83,1
13,155,0
12,56,1
20,18,1
9,30,1
10,117,1
23,171,0
19,169,0
7,98,1
5,175,0
12,50,1
14,131,0
25,83,1
10,113,1
2,189,0
14,40,1
23,87,1
18,179,0
15,171,0
23,163,0
6,15,1
22,170,0
1,39,1
18,138,0
10,144,0
5,117,1
11,142,0
24,129,0
15,45,1
6,115,1
3,158,0
7,166,0
14,80,1
19,46,1
7,25,1
7,170,0
25,17,1
6,124,0
25,180,0
17,6,1
22,134,0
9,87,1
25,107,1
24,194,0
1,171,0
13,33,1
19,50,1
5,140,0
7,50,1
12,112,1
24,108,1
20,16,1
15,80,1
10,48,1
13,159,0
25,172,0
17,165,0
2,24,1
10,156,0
18,36,1
13,177,0
20,48,1
14,189,0
9,115,1
11,115,1
9,49,1
8,42,1
20,83,1
3,118,1
23,29,1
22,32,1
22,1,1
15,34,1
23,49,1
24,100,1
16,49,1
7,161,0
14,167,0
23,68,1
21,107,1
16,134,0
6,95,1
16,175,0
8,11,1
15,100,1
6,0,1
23,104,1
17,103,1
14,107,1
24,24,1
3,175,0
21,96,1
24,197,0
11,149,0
7,189,0
14,145,0
1,6,1
24,18,1
11,172,0
9,73,1
10,116,1
17,22,1
18,85,1
15,148,0
6,131,0
25,106,1
17,191,0
3,1,1
20,158,0
12,104,1
12,116,1
18,158,0
3,175,0
1,97,1
21,118,1
15,92,1
15,37,1
17,36,1
2,99,1
12,28,1
16,145,0
20,157,0
22,122,0
24,49,1
6,161,0
20,196,0
4,161,0
5,13,1
15,109,1
9,114,1
17,184,0
12,145,0
8,80,1
2,32,1
10,69,1
2,112,1
8,34,1
12,190,0
18,126,0
24,74,1
16,151,0
19,39,1
14,186,0
25,24,1
18,69,1
17,181,0
16,142,0
24,70,1
6,159,0
25,163,0
20,164,0
24,2,1
15,56,1
16,140,0
24,51,1
10,82,1
17,95,1
22,184,0
1,158,0
12,43,1
19,47,1
5,58,1
19,7,1
10,99,1
22,158,0
4,193,0
16,82,1
21,190,0
24,89,1
7,178,0
22,16,1
11,192,0
15,109,1
2,3,1
20,153,0
8,82,1
15,179,0
16,75,1
19,129,0
7,22,1
24,186,0
8,160,0
16,108,1
3,93,1
16,37,1
2,97,1
15,34,1
2,20,1
6,192,0
17,154,0
13,149,0
5,187,0
22,190,0
2,20,1
11,198,0
15,79,1
7,64,1
20,39,1
22,43,1
22,87,1
5,14,1
3,14,1
2,121,0
17,183,0
19,14,1
2,99,1
7,142,0
22,96,1
18,165,0
18,17,1
8,49,1
11,99,1
1,91,1
19,144,0
20,38,1
21,149,0
15,11,1
1,80,1
15,77,1
13,47,1
2,138,0
9,179,0
1,87,1
25,198,0
3,194,0
19,10,1
19,174,0
20,130,0
12,63,1
14,29,1
15,163,0
13,115,1
6,160,0
21,104,1
25,190,0
19,146,0
17,146,0
1,28,1
1,91,1
12,24,1
12,34,1
21,40,1
23,42,1
14,162,0
3,156,0
24,151,0
9,179,0
17,20,1
13,71,1
12,59,1
21,34,1
13,44,1
16,154,0
24,166,0
3,116,1
7,34,1
13,68,1
14,31,1
4,42,1
10,54,1
5,153,0
25,169,0
7,70,1
20,144,0
8,32,1
5,181,0
25,132,0
1,168,0
3,161,0
2,153,0
24,173,0
12,21,1
25,143,0
21,53,1
22,146,0
18,68,1
10,60,1
12,111,1
9,43,1
5,180,0
14,46,1
4,46,1
11,31,1
16,49,1
2,112,1
10,1,1
4,117,1
2,10,1
16,20,1
17,196,0
8,52,1
5,181,0
6,23,1
3,123,0
21,91,1
24,166,0
19,14,1
4,197,0
3,174,0
24,27,1
21,62,1
6,66,1
3,95,1
3,130,0
2,100,1
25,3,1
11,25,1
25,27,1
4,64,1
3,13,1
2,153,0
12,35,1
11,174,0
20,61,1
9,147,0
2,110,1
25,70,1
18,62,1
3,90,1
1,68,1
13,94,1
14,157,0
10,84,1
14,175,0
3,153,0
17,76,1
11,6,1
15,180,0
8,82,1
2,15,1
23,166,0
19,14,1
2,152,0
14,141,0
12,77,1
13,41,1
18,140,0
2,10,1
20,86,1
11,175,0
22,129,0
22,111,1
25,35,1
23,150,0
20,60,1
11,53,1
4,55,1
25,109,1
7,179,0
17,175,0
11,23,1
22,176,0
18,106,1
19,51,1
2,151,0
21,51,1
25,51,1
2,42,1
4,42,1
8,46,1
15,184,0
11,93,1
9,183,0
4,179,0
21,188,0
16,18,1
3,59,1
25,27,1
17,72,1
25,171,0
11,31,1
25,57,1
15,175,0
9,139,0
12,67,1
20,0,1
17,185,0
24,88,1
4,86,1
11,68,1
17,60,1
3,11,1
14,5,1
13,90,1
15,143,0
24,181,0
16,15,1
18,83,1
25,193,0
15,152,0
9,160,0
1,165,0
19,82,1
6,181,0
24,47,1
19,20,1
9,115,1
24,186,0
7,112,1
13,117,1
9,56,1
2,82,1
12,145,0
25,194,0
23,6,1
13,57,1
23,164,0
10,56,1
18,2,1
8,43,1
5,25,1
2,129,0
22,182,0
13,179,0
18,169,0
18,181,0
1,168,0
22,87,1
9,22,1
15,45,1
25,150,0
20,143,0
1,124,0
16,169,0
18,177,0
8,24,1
20,183,0
1,40,1
17,146,0
8,25,1
11,2,1
16,93,1
17,132,0
5,154,0
14,55,1
19,156,0
1,64,1
1,42,1
16,187,0
13,51,1
6,114,1
5,73,1
2,86,1
17,147,0
10,47,1
11,188,0
3,107,1
3,147,0
19,161,0
7,184,0
14,87,1
3,16,1
19,96,1
3,178,0
25,146,0
25,14,1
7,31,1
14,112,1
17,10,1
18,116,1
1,102,1
19,153,0
15,70,1
20,58,1
4,129,0
9,36,1
23,189,0
12,130,0
13,61,1
22,77,1
4,190,0
25,168,0
18,163,0
9,125,0
23,132,0
11,15,1
24,95,1
25,154,0
3,21,1
7,99,1
13,134,0
20,199,0
19,108,1
13,29,1
23,181,0
4,103,1
25,96,1
15,154,0
16,129,0
4,125,0
5,189,0
15,126,0
8,99,1
18,71,1
14,142,0
12,83,1
24,157,0
14,117,1
7,99,1
23,125,0
7,127,0
23,65,1
17,119,1
18,92,1
19,198,0
2,98,1
18,158,0
16,8,1
2,34,1
11,6,1
23,123,0
21,173,0
14,31,1
4,6,1
23,100,1
19,10,1
16,76,1
20,74,1
17,142,0
18,119,1
15,45,1
21,198,0
3,78,1
22,183,0
14,54,1
15,161,0
8,96,1
23,58,1
10,11,1
19,155,0
15,128,0
11,48,1
25,1,1
20,48,1
4,105,1
4,166,0
20,57,1
4,44,1
12,31,1
20,29,1
3,86,1
24,10,1
21,48,1
3,48,1
11,43,1
25,186,0
14,47,1
22,107,1
10,73,1
19,194,0
3,166,0
2,80,1
4,154,0
14,186,0
11,195,0
20,30,1
15,116,1
24,134,0
19,49,1
10,26,1
11,44,1
10,68,1
15,111,1
13,123,0
19,163,0
5,132,0
5,0,1
3,194,0
8,190,0
5,164,0
14,165,0
6,21,1
15,129,0
24,99,1
25,96,1
10,163,0
20,151,0
5,31,1
14,28,1
3,31,1
17,70,1
10,173,0
25,176,0
16,166,0
23,181,0
18,184,0
19,43,1
12,134,0
21,7,1
8,105,1
8,9,1
10,73,1
6,50,1
6,187,0
13,121,0
12,16,1
12,135,0
18,189,0
23,96,1
11,65,1
15,186,0
11,119,1
2,176,0
18,79,1
2,28,1
5,140,0
11,112,1
2,145,0
3,185,0
22,74,1
25,44,1
21,159,0
21,138,0
19,114,1
13,46,1
24,128,0
4,146,0
10,70,1
1,130,0
24,164,0
2,187,0
7,134,0
24,87,1
9,11,1
5,36,1
8,52,1
16,156,0
23,56,1
11,37,1
9,151,0
23,137,0
10,129,0
15,172,0
1,92,1
18,189,0
25,44,1
10,185,0
6,5,1
11,44,1
4,128,0
1,1,1
11,140,0
7,65,1
2,166,0
4,149,0
24,62,1
2,199,0
17,163,0
13,159,0
11,120,1
6,37,1
17,161,0
2,70,1
21,78,1
4,28,1
19,144,0
18,54,1
11,26,1
5,200,0
20,95,1
20,148,0
2,139,0
13,105,1
24,52,1
17,19,1
2,44,1
13,113,1
18,171,0
11,170,0
22,83,1
11,99,1
21,41,1
2,40,1
4,156,0
21,112,1
21,97,1
23,116,1
2,158,0
14,13,1
20,156,0
18,7,1
20,51,1
11,87,1
10,171,0
3,98,1
11,16,1
10,39,1
24,167,0
21,110,1
24,176,0
20,123,0
23,133,0
21,17,1
6,3,1
4,180,0
10,18,1
19,0,1
10,2,1
10,149,0
24,154,0
8,183,0
10,40,1
3,112,1
18,151,0
15,139,0
17,59,1
6,30,1
25,128,0
20,61,1
3,124,0
19,99,1
7,123,0
8,20,1
17,56,1
11,175,0
4,159,0
12,66,1
13,144,0
22,152,0
10,48,1
6,99,1
15,185,0
21,115,1
23,78,1
11,128,0
7,77,1
11,155,0
5,113,1
24,196,0
18,152,0
13,17,1
5,1,1
20,139,0
1,61,1
16,160,0
10,181,0
11,137,0
6,2,1
9,75,1
19,60,1
23,58,1
25,160,0
23,16,1
14,163,0
8,149,0
22,47,1
25,65,1
25,24,1
5,74,1
20,185,0
25,26,1
21,79,1
5,130,0
15,190,0
7,58,1
20,199,0
17,44,1
1,146,0
1,186,0
23,83,1
13,53,1
9,124,0
8,160,0
2,79,1
22,173,0
6,197,0
15,54,1
25,19,1
13,91,1
3,5,1
9,105,1
11,132,0
24,153,0
21,183,0
2,192,0
13,85,1
2,187,0
4,198,0
17,138,0
4,195,0
15,93,1
4,192,0
19,165,0
13,57,1
22,15,1
9,7,1
4,80,1
11,23,1
25,103,1
3,12,1
5,64,1
13,197,0
11,164,0
10,35,1
24,154,0
5,154,0
18,131,0
20,17,1
3,59,1
20,106,1
4,55,1
24,27,1
25,143,0
12,161,0
25,133,0
1,67,1
18,8,1
21,69,1
21,5,1
25,9,1
18,145,0
19,14,1
20,46,1
14,183,0
2,122,0
12,42,1
7,162,0
7,167,0
14,174,0
21,113,1
6,3,1
3,12,1
25,103,1
3,0,1
10,163,0
6,33,1
7,143,0
10,31,1
5,109,1
16,37,1
21,66,1
23,131,0
1,155,0
6,103,1
15,1,1
7,127,0
7,119,1
24,104,1
3,147,0
13,9,1
5,179,0
24,26,1
9,119,1
24,154,0
3,62,1
16,162,0
22,165,0
23,110,1
10,2,1
22,187,0
15,114,1
19,28,1
22,164,0
24,83,1
21,171,0
2,36,1
18,57,1
24,15,1
25,113,1
10,95,1
15,53,1
12,29,1
8,144,0
18,188,0
4,62,1
3,94,1
14,64,1
3,51,1
1,114,1
8,114,1
25,175,0
12,157,0
5,111,1
20,38,1
9,72,1
24,116,1
1,124,0
8,145,0
23,123,0
8,7,1
22,152,0
12,107,1
7,51,1
24,183,0
6,14,1
11,53,1
25,166,0
14,141,0
23,87,1
16,45,1
18,1,1
22,164,0
14,121,0
18,18,1
3,149,0
10,61,1
2,59,1
8,159,0
2,72,1
18,189,0
22,121,0
15,62,1
3,108,1
13,161,0
12,189,0
10,191,0
14,24,1
2,100,1
18,61,1
17,25,1
15,50,1
1,138,0
13,5,1
7,88,1
19,71,1
6,49,1
16,194,0
6,196,0
4,80,1
22,174,0
11,171,0
19,187,0
2,140,0
22,107,1
20,41,1
6,104,1
1,47,1
15,0,1
13,34,1
17,53,1
11,112,1
16,19,1
11,151,0
22,3,1
11,16,1
13,118,1
21,37,1
20,34,1
22,107,1
14,92,1
12,149,0
17,153,0
22,86,1
25,68,1
15,19,1
23,87,1
3,114,1
18,35,1
10,1,1
20,123,0
2,152,0
19,2,1
3,172,0
8,12,1
10,130,0
9,1,1
20,8,1
13,189,0
16,70,1
14,24,1
4,90,1
23,192,0
25,8,1
23,18,1
16,49,1
7,145,0
3,129,0
11,198,0
24,159,0
19,146,0
11,154,0
16,194,0
13,59,1
19,164,0
18,82,1
23,156,0
14,136,0
8,28,1
7,79,1
8,117,1
15,71,1
2,116,1
21,98,1
18,114,1
19,53,1
18,184,0
21,104,1
21,36,1
9,99,1
1,166,0
25,128,0
25,179,0
22,156,0
10,45,1
10,111,1
6,64,1
12,107,1
10,41,1
18,138,0
14,112,1
19,140,0
19,61,1
20,46,1
15,183,0
21,135,0
1,137,0
22,105,1
19,26,1
19,135,0
1,51,1
13,66,1
10,51,1
8,27,1
2,24,1
18,131,0
4,175,0
23,77,1
2,151,0
15,61,1
5,152,0
13,64,1
22,116,1
15,182,0
11,114,1
11,15,1
12,143,0
20,11,1
18,98,1
5,79,1
14,167,0
7,71,1
23,30,1
21,131,0
10,76,1
7,73,1
21,46,1
4,51,1
8,75,1
10,162,0
23,89,1
13,29,1
5,143,0
2,145,0
11,171,0
14,156,0
20,89,1
7,113,1
13,12,1
24,35,1
4,92,1
23,119,1
24,159,0
15,172,0
16,93,1
19,39,1
12,118,1
2,9,1
24,36,1
16,124,0
18,26,1
16,5,1
24,109,1
7,135,0
22,14,1
24,62,1
18,106,1
14,111,1
5,190,0
22,137,0
3,160,0
21,185,0
3,27,1
10,52,1
15,15,1
12,132,0
17,155,0
20,199,0
24,177,0
21,68,1
22,181,0
10,4,1
1,24,1
21,196,0
24,56,1
15,84,1
19,46,1
9,188,0
5,80,1
3,186,0
19,158,0
1,179,0
20,143,0
14,79,1
15,198,0
9,199,0
10,125,0
19,72,1
1,27,1
16,140,0
1,151,0
7,191,0
15,80,1
6,90,1
7,166,0
7,31,1
18,191,0
5,107,1
9,160,0
1,22,1
18,150,0
13,181,0
9,58,1
4,8,1
11,40,1
2,154,0
24,33,1
16,158,0
22,11,1
13,75,1
22,30,1
23,178,0
22,145,0
9,4,1
12,90,1
11,128,0
23,9,1
7,70,1
4,177,0
12,194,0
17,187,0
20,178,0
13,121,0
5,4,1
5,35,1
5,83,1
13,58,1
8,190,0
20,127,0
17,52,1
22,95,1
3,200,0
4,45,1
22,110,1
8,64,1
19,152,0
22,166,0
9,25,1
21,32,1
8,174,0
21,102,1
24,169,0
13,114,1
1,136,0
25,171,0
1,69,1
16,51,1
6,138,0
19,149,0
25,96,1
23,167,0
13,89,1
13,9,1
13,46,1
1,24,1
21,8,1
10,164,0
14,75,1
13,44,1
10,134,0
9,86,1
15,151,0
11,129,0
10,155,0
1,70,1
2,69,1
11,136,0
8,187,0
3,64,1
25,40,1
24,64,1
13,44,1
25,55,1
25,177,0
18,11,1
1,77,1
5,49,1
10,2,1
18,124,0
23,183,0
8,58,1
25,48,1
15,108,1
19,179,0
8,87,1
4,98,1
23,61,1
25,198,0
6,101,1
22,179,0
13,111,1
16,157,0
13,94,1
11,54,1
21,65,1
12,13,1
19,96,1
16,31,1
22,162,0
24,144,0
15,0,1
22,138,0
7,191,0
11,91,1
24,22,1
13,111,1
2,89,1
24,30,1
1,55,1
7,162,0
14,97,1
13,113,1
15,52,1
14,180,0
6,120,1
10,133,0
13,64,1
22,32,1
11,140,0
9,15,1
18,46,1
9,191,0
12,32,1
7,153,0
1,75,1
23,165,0
3,49,1
24,179,0
23,168,0
7,26,1
10,115,1
6,135,0
12,28,1
6,1,1
22,47,1
5,72,1
11,120,1
21,64,1
17,187,0
12,185,0
13,159,0
18,113,1
8,188,0
18,135,0
2,42,1
7,122,0
10,7,1
21,5,1
4,176,0
3,15,1
8,91,1
5,78,1
6,200,0
17,167,0
20,94,1
20,106,1
3,169,0
24,62,1
11,46,1
16,144,0
24,79,1
22,33,1
4,38,1
14,194,0
12,134,0
8,38,1
20,15,1
7,199,0
24,125,0
15,97,1
8,186,0
25,12,1
23,173,0
1,166,0
21,59,1
21,130,0
3,183,0
5,51,1
9,6,1
6,121,0
3,178,0
5,7,1
9,5,1
16,52,1
25,139,0
14,194,0
12,47,1
8,124,0
22,147,0
18,167,0
18,100,1
20,10,1
24,39,1
4,180,0
5,127,0
17,87,1
4,126,0
21,0,1
25,166,0
25,43,1
18,144,0
14,106,1
22,52,1
24,184,0
20,93,1
9,103,1
12,9,1
22,102,1
7,10,1
9,156,0
5,171,0
25,48,1
13,142,0
5,185,0
22,64,1
25,138,0
21,152,0
4,5,1
5,190,0
4,153,0
9,50,1
10,153,0
24,91,1
14,69,1
5,158,0
9,189,0
19,43,1
5,189,0
15,2,1
24,25,1
6,192,0
6,59,1
13,151,0
18,152,0
1,137,0
17,11,1
1,26,1
7,69,1
20,14,1
1,114,1
21,125,0
10,67,1
24,130,0
19,160,0
12,67,1
21,3,1
5,138,0
15,2,1
3,114,1
17,78,1
21,139,0
13,69,1
13,187,0
25,48,1
11,107,1
1,68,1
4,48,1
20,189,0
21,125,0
19,70,1
8,142,0
17,70,1
21,117,1
4,171,0
23,105,1
21,19,1
6,67,1
7,40,1
10,88,1
19,100,1
13,89,1
23,33,1
10,196,0
3,133,0
15,79,1
8,57,1
7,143,0
9,19,1
4,60,1
6,145,0
20,154,0
8,106,1
24,42,1
23,45,1
13,127,0
16,189,0
15,192,0
15,69,1
3,121,0
7,154,0
3,194,0
16,21,1
1,69,1
12,117,1
22,65,1
22,12,1
2,74,1
21,140,0
16,49,1
7,102,1
8,84,1
24,125,0
8,98,1
5,57,1
4,52,1
15,77,1
3,116,1
14,134,0
2,164,0
6,121,0
2,40,1
1,98,1
15,78,1
10,115,1
8,37,1
23,137,0
16,47,1
13,49,1
23,80,1
14,42,1
24,176,0
9,167,0
3,162,0
16,16,1
2,153,0
7,157,0
20,74,1
9,162,0
19,92,1
23,9,1
7,15,1
11,128,0
7,57,1
18,143,0
14,26,1
5,110,1
16,127,0
6,147,0
13,192,0
9,13,1
17,97,1
4,102,1
4,109,1
17,155,0
13,114,1
19,53,1
24,40,1
19,178,0
22,195,0
12,136,0
10,90,1
25,58,1
3,42,1
15,135,0
8,195,0
10,197,0
25,15,1
10,81,1
4,7,1
1,13,1
23,125,0
16,25,1
16,142,0
18,64,1
5,137,0
3,110,1
19,61,1
6,83,1
1,184,0
1,150,0
12,58,1
14,104,1
14,107,1
12,22,1
9,124,0
3,100,1
13,41,1
19,38,1
18,28,1
19,30,1
23,143,0
7,193,0
11,126,0
8,143,0
5,185,0
2,73,1
19,116,1
9,103,1
20,127,0
8,156,0
17,36,1
23,156,0
22,168,0
22,77,1
7,54,1
8,189,0
25,133,0
1,10,1
10,38,1
15,1,1
2,180,0
7,132,0
14,78,1
16,18,1
21,158,0
13,189,0
1,131,0
14,28,1
5,76,1
6,92,1
25,173,0
21,170,0
20,157,0
2,181,0
17,63,1
23,120,1
6,195,0
5,169,0
1,148,0
20,40,1
22,110,1
11,69,1
13,56,1
17,98,1
7,123,0
17,151,0
15,74,1
14,13,1
14,25,1
4,126,0
17,148,0
21,197,0
9,168,0
11,157,0
12,52,1
24,189,0
19,117,1
7,106,1
4,45,1
17,149,0
11,15,1
24,70,1
23,57,1
18,142,0
4,64,1
3,74,1
11,43,1
20,6,1
8,57,1
14,5,1
10,24,1
4,130,0
20,100,1
22,76,1
16,113,1
21,46,1
12,11,1
24,17,1
23,117,1
21,116,1
6,115,1
1,28,1
15,121,0
17,182,0
4,36,1
9,51,1
7,1,1
16,165,0
4,94,1
11,128,0
15,162,0
1,118,1
23,147,0
19,64,1
3,56,1
1,22,1
23,189,0
25,63,1
11,102,1
15,101,1
6,97,1
19,8,1
21,127,0
9,179,0
7,78,1
14,168,0
18,60,1
11,16,1
23,192,0
8,38,1
19,69,1
20,137,0
1,97,1
21,38,1
19,0,1
3,72,1
8,144,0
5,70,1
25,19,1
6,75,1
5,38,1
22,120,1
4,38,1
18,190,0
18,94,1
21,161,0
20,62,1
12,93,1
10,153,0
20,42,1
5,153,0
22,162,0
14,81,1
3,95,1
11,69,1
6,103,1
15,9,1
19,26,1
9,61,1
9,114,1
5,18,1
3,184,0
2,105,1
7,73,1
18,194,0
6,46,1
5,125,0
18,140,0
7,69,1
7,197,0
18,146,0
23,194,0
2,39,1
9,4,1
11,45,1
7,128,0
15,171,0
3,109,1
24,186,0
12,180,0
4,56,1
15,196,0
6,79,1
14,33,1
17,169,0
9,138,0
25,89,1
8,24,1
18,150,0
1,88,1
8,127,0
25,101,1
23,134,0
7,43,1
25,108,1
19,133,0
11,93,1
15,194,0
16,29,1
18,76,1
18,89,1
15,92,1
16,109,1
19,57,1
8,191,0
6,174,0
9,4,1
13,167,0
15,157,0
8,111,1
16,197,0
14,116,1
15,110,1
7,41,1
3,99,1
8,70,1
13,11,1
20,110,1
1,97,1
20,194,0
7,199,0
8,85,1
12,197,0
14,165,0
9,190,0
25,132,0
9,60,1
12,44,1
23,173,0
13,51,1
17,156,0
4,135,0
7,169,0
13,121,0
9,127,0
6,9,1
18,90,1
10,152,0
13,97,1
21,52,1
2,121,0
18,103,1
14,160,0
21,39,1
1,88,1
2,177,0
5,10,1
17,132,0
16,83,1
15,66,1
4,8,1
17,161,0
24,141,0
11,112,1
13,164,0
16,51,1
3,103,1
22,95,1
14,184,0
17,73,1
15,108,1
18,46,1
14,70,1
11,47,1
22,92,1
13,169,0
17,156,0
12,56,1
20,131,0
16,122,0
23,63,1
7,166,0
2,88,1
24,21,1
3,143,0
12,117,1
22,193,0
7,28,1
7,150,0
9,139,0
11,56,1
10,37,1
21,111,1
7,56,1
7,164,0
11,187,0
7,147,0
7,70,1
7,184,0
25,151,0
21,62,1
4,116,1
3,44,1
23,32,1
2,144,0
15,87,1
4,35,1
21,73,1
20,57,1
21,136,0
16,27,1
14,175,0
20,89,1
16,129,0
7,18,1
8,23,1
5,93,1
2,110,1
1,152,0
15,185,0
22,183,0
5,142,0
12,40,1
19,15,1
14,48,1
21,164,0
16,165,0
5,138,0
15,11,1
5,129,0
19,153,0
12,96,1
24,3,1
21,200,0
25,64,1
13,193,0
8,64,1
17,104,1
6,51,1
17,99,1
10,107,1
18,187,0
21,33,1
3,134,0
17,169,0
14,58,1
3,31,1
22,15,1
5,46,1
19,3,1
25,181,0
6,107,1
19,146,0
1,123,0
13,137,0
7,123,0
10,12,1
24,133,0
17,146,0
25,198,0
11,70,1
11,70,1
17,122,0
11,173,0
22,105,1
2,14,1
25,112,1
10,80,1
5,94,1
13,32,1
8,108,1
3,2,1
20,137,0
8,115,1
2,61,1
24,190,0
25,68,1
13,173,0
11,34,1
23,0,1
2,68,1
5,73,1
5,182,0
9,181,0
21,38,1
24,88,1
14,60,1
23,16,1
10,99,1
10,54,1
1,123,0
25,80,1
22,144,0
19,142,0
25,57,1
15,140,0
9,50,1
15,106,1
23,102,1
2,148,0
1,90,1
16,82,1
11,170,0
18,82,1
13,89,1
18,186,0
5,174,0
7,186,0
2,171,0
17,71,1
4,49,1
14,89,1
1,140,0
16,108,1
9,77,1
16,198,0
13,165,0
2,191,0
6,68,1
18,110,1
25,34,1
24,37,1
1,42,1
6,72,1
14,56,1
19,68,1
2,171,0
11,187,0
16,59,1
22,96,1
25,200,0
24,22,1
25,147,0
3,164,0
4,25,1
24,32,1
18,154,0
2,129,0
23,16,1
2,30,1
18,176,0
18,157,0
12,128,0
20,107,1
10,51,1
19,50,1
22,175,0
3,44,1
14,36,1
3,52,1
7,118,1
5,200,0
24,104,1
7,90,1
9,89,1
25,121,0
15,92,1
2,142,0
16,78,1
10,44,1
9,194,0
23,184,0
21,34,1
2,194,0
20,173,0
10,21,1
19,3,1
19,56,1
16,68,1
11,109,1
13,99,1
17,197,0
22,151,0
17,117,1
7,7,1
5,177,0
10,95,1
1,96,1
3,138,0
23,32,1
16,179,0
13,173,0
1,63,1
5,25,1
16,55,1
1,195,0
5,32,1
9,52,1
7,21,1
25,5,1
8,145,0
7,2,1
3,97,1
23,160,0
20,154,0
10,7,1
19,122,0
4,176,0
2,47,1
12,14,1
19,58,1
13,28,1
21,128,0
11,56,1
12,2,1
6,191,0
10,107,1
15,197,0
2,98,1
3,79,1
8,31,1
11,52,1
20,195,0
1,14,1
13,69,1
8,23,1
17,50,1
4,170,0
12,115,1
18,154,0
10,115,1
3,117,1
13,153,0
23,1,1
2,178,0
22,85,1
22,166,0
7,124,0
17,118,1
14,4,1
3,9,1
4,195,0
19,30,1
2,169,0
17,120,1
22,8,1
5,187,0
16,10,1
17,194,0
20,46,1
15,117,1
2,195,0
25,184,0
11,136,0
20,178,0
19,170,0
9,194,0
16,31,1
8,73,1
16,119,1
16,68,1
4,145,0
18,59,1
7,6,1
25,89,1
11,192,0
23,29,1
23,98,1
1,27,1
19,113,1
22,152,0
22,166,0
9,78,1
7,119,1
16,34,1
9,99,1
15,127,0
17,32,1
12,121,0
22,52,1
23,27,1
1,144,0
9,132,0
8,101,1
5,63,1
13,67,1
14,102,1
18,133,0
11,21,1
9,17,1
20,17,1
10,92,1
13,129,0
15,185,0
23,104,1
14,32,1
24,102,1
2,182,0
14,123,0
8,139,0
16,40,1
4,117,1
14,170,0
12,89,1
25,104,1
12,193,0
21,10,1
21,76,1
21,36,1
14,3,1
6,31,1
18,138,0
20,153,0
20,92,1
11,86,1
21,187,0
15,68,1
16,104,1
14,15,1
9,179,0
25,21,1
7,141,0
4,11,1
17,191,0
19,27,1
12,169,0
2,72,1
1,56,1
22,59,1
20,173,0
17,52,1
13,175,0
21,187,0
14,44,1
18,131,0
16,66,1
4,7,1
11,6,1
9,8,1
11,148,0
20,55,1
4,197,0
1,76,1
22,109,1
16,183,0
16,166,0
10,29,1
8,83,1
10,12,1
13,12,1
24,75,1
5,46,1
1,179,0
2,185,0
5,117,1
1,133,0
25,92,1
10,140,0
21,91,1
3,139,0
15,194,0
8,33,1
18,72,1
19,8,1
5,132,0
12,162,0
20,104,1
11,168,0
22,68,1
18,39,1
4,8,1
13,122,0
24,93,1
4,43,1
1,159,0
22,75,1
20,54,1
11,101,1
18,61,1
13,160,0
9,66,1
3,145,0
15,72,1
11,151,0
15,182,0
13,39,1
2,25,1
6,172,0
2,8,1
7,190,0
14,176,0
14,120,1
14,15,1
20,54,1
16,28,1
11,64,1
18,42,1
11,117,1
19,177,0
22,85,1
19,30,1
25,27,1
13,90,1
25,20,1
22,155,0
15,10,1
5,74,1
2,73,1
19,8,1
6,94,1
9,127,0
9,194,0
13,169,0
24,159,0
19,21,1
14,192,0
5,36,1
8,77,1
2,28,1
17,20,1
1,151,0
24,54,1
20,137,0
3,155,0
11,28,1
2,152,0
21,13,1
2,157,0
17,76,1
12,71,1
25,94,1
6,170,0
3,20,1
17,17,1
18,97,1
11,98,1
13,53,1
23,152,0
14,57,1
20,132,0
8,149,0
11,3,1
14,96,1
18,103,1
3,101,1
9,184,0
16,26,1
13,81,1
2,164,0
12,132,0
10,103,1
22,133,0
10,132,0
9,53,1
6,72,1
16,196,0
4,188,0
8,103,1
4,111,1
19,92,1
19,108,1
9,7,1
21,197,0
2,113,1
11,157,0
8,92,1
21,180,0
8,186,0
19,106,1
6,130,0
11,7,1
10,98,1
12,55,1
3,13,1
22,178,0
7,186,0
20,158,0
11,8,1
10,170,0
9,178,0
10,104,1
11,185,0
17,97,1
14,6,1
7,41,1
4,30,1
19,8,1
8,65,1
9,56,1
8,77,1
7,110,1
14,28,1
25,113,1
13,1,1
20,179,0
13,26,1
19,157,0
16,15,1
25,177,0
3,119,1
11,82,1
9,139,0
12,63,1
16,175,0
1,149,0
17,64,1
24,20,1
17,26,1
11,103,1
22,120,1
14,157,0
1,127,0
19,164,0
4,116,1
13,120,1
20,182,0
18,114,1
14,91,1
16,34,1
19,108,1
16,143,0
7,133,0
24,108,1
2,111,1
9,127,0
20,39,1
20,184,0
6,154,0
8,98,1
21,39,1
11,184,0
15,88,1
25,96,1
1,188,0
24,80,1
17,19,1
7,150,0
15,57,1
20,75,1
9,11,1
6,185,0
12,26,1
3,52,1
24,115,1
4,19,1
3,44,1
14,86,1
24,136,0
20,57,1
14,159,0
9,42,1
12,127,0
10,45,1
22,129,0
5,12,1
12,187,0
1,76,1
3,149,0
1,138,0
25,152,0
18,94,1
20,23,1
17,114,1
7,174,0
2,132,0
13,22,1
19,101,1
11,42,1
12,59,1
24,194,0
20,167,0
3,198,0
15,92,1
18,139,0
2,114,1
16,148,0
14,177,0
9,55,1
8,95,1
7,155,0
9,173,0
6,190,0
6,174,0
22,29,1
7,18,1
5,195,0
24,104,1
22,53,1
17,97,1
23,62,1
14,65,1
8,152,0
15,5,1
12,39,1
8,44,1
16,126,0
7,95,1
8,89,1
1,25,1
25,167,0
10,81,1
2,20,1
9,114,1
6,131,0
1,54,1
19,41,1
17,46,1
25,135,0
1,45,1
20,150,0
8,129,0
25,78,1
6,57,1
16,185,0
8,186,0
20,99,1
23,107,1
17,81,1
11,159,0
4,100,1
21,9,1
9,162,0
18,51,1
2,157,0
22,89,1
6,139,0
1,183,0
16,143,0
6,93,1
18,8,1
6,156,0
22,144,0
16,23,1
21,57,1
20,133,0
12,122,0
16,50,1
7,149,0
2,104,1
13,24,1
17,47,1
3,55,1
3,41,1
24,155,0
24,175,0
16,162,0
20,6,1
19,24,1
15,39,1
10,161,0
5,192,0
19,88,1
8,47,1
22,199,0
11,105,1
24,106,1
3,66,1
13,111,1
25,107,1
10,153,0
5,75,1
6,163,0
17,47,1
14,158,0
16,189,0
1,72,1
19,175,0
7,38,1
23,32,1
17,69,1
5,95,1
12,72,1
14,124,0
15,87,1
12,25,1
2,54,1
23,42,1
19,70,1
19,125,0
8,135,0
23,107,1
2,78,1
13,54,1
22,172,0
6,19,1
11,183,0
20,164,0
23,180,0
5,45,1
16,152,0
24,81,1
18,138,0
19,56,1
17,146,0
18,9,1
6,161,0
3,136,0
8,153,0
1,87,1
8,51,1
25,185,0
19,86,1
11,175,0
24,48,1
11,15,1
7,82,1
13,86,1
24,168,0
11,74,1
23,93,1
15,175,0
12,13,1
9,169,0
4,137,0
2,4,1
7,144,0
22,114,1
9,71,1
1,127,0
1,21,1
20,117,1
9,185,0
6,37,1
2,26,1
1,191,0
15,176,0
3,196,0
20,77,1
8,186,0
9,98,1
23,177,0
3,163,0
25,175,0
8,29,1
19,47,1
2,111,1
6,192,0
2,161,0
13,71,1
8,23,1
3,49,1
16,100,1
20,64,1
10,64,1
11,5,1
1,6,1
11,75,1
10,19,1
7,55,1
21,23,1
20,25,1
20,96,1
15,160,0
18,158,0
4,63,1
24,39,1
22,72,1
14,164,0
13,179,0
10,190,0
25,171,0
13,193,0
24,186,0
2,97,1
3,199,0
21,59,1
10,7,1
2,116,1
11,106,1
8,117,1
19,13,1
18,190,0
2,13,1
4,102,1
8,195,0
18,51,1
24,151,0
5,93,1
18,157,0
7,109,1
22,174,0
13,95,1
1,55,1
24,12,1
25,157,0
12,66,1
18,20,1
13,44,1
23,9,1
11,16,1
7,129,0
12,158,0
11,121,0
12,130,0
24,170,0
24,178,0
25,27,1
6,44,1
6,62,1
2,129,0
1,113,1
6,27,1
21,2,1
2,116,1
23,99,1
3,77,1
4,183,0
23,0,1
16,3,1
6,38,1
23,149,0
3,62,1
22,188,0
23,197,0
20,79,1
15,58,1
6,197,0
8,63,1
17,53,1
4,139,0
25,13,1
8,157,0
6,146,0
19,175,0
1,25,1
13,138,0
6,72,1
15,183,0
25,31,1
22,172,0
11,128,0
16,70,1
15,110,1
4,99,1
4,26,1
5,97,1
5,91,1
19,86,1
6,34,1
15,142,0
21,15,1
10,14,1
6,54,1
23,13,1
18,5,1
13,2,1
22,10,1
22,118,1
9,132,0
23,99,1
14,26,1
5,76,1
7,46,1
12,134,0
11,14,1
3,54,1
21,6,1
17,77,1
22,198,0
19,70,1
11,94,1
12,98,1
1,40,1
15,69,1
3,24,1
6,28,1
23,91,1
19,150,0
24,96,1
3,181,0
7,78,1
24,160,0
1,112,1
16,115,1
17,82,1
20,187,0
22,72,1
9,197,0
20,187,0
8,125,0
11,39,1
4,1,1
12,28,1
7,99,1
16,20,1
14,54,1
13,124,0
12,29,1
10,59,1
24,73,1
20,43,1
24,182,0
20,196,0
8,164,0
9,90,1
22,99,1
18,165,0
4,53,1
24,197,0
22,147,0
24,100,1
5,101,1
7,33,1
6,16,1
6,128,0
20,39,1
15,114,1
3,37,1
25,42,1
24,191,0
4,70,1
10,161,0
6,185,0
3,17,1
23,186,0
23,193,0
25,29,1
12,67,1
17,101,1
13,45,1
10,11,1
18,24,1
22,25,1
17,99,1
12,88,1
18,40,1
16,51,1
10,5,1
16,116,1
4,145,0
13,107,1
17,168,0
12,123,0
15,40,1
20,22,1
6,24,1
23,144,0
12,2,1
13,54,1
1,179,0
16,113,1
3,101,1
15,193,0
19,2,1
2,15,1
19,10,1
11,181,0
12,20,1
10,54,1
21,63,1
20,84,1
13,133,0
1,71,1
16,139,0
7,191,0
7,143,0
22,166,0
17,190,0
18,95,1
8,174,0
7,184,0
20,178,0
8,26,1
4,61,1
8,150,0
6,19,1
5,188,0
23,164,0
5,10,1
23,86,1
21,19,1
23,166,0
15,136,0
3,102,1
24,147,0
1,137,0
19,33,1
14,79,1
4,191,0
14,86,1
3,76,1
3,75,1
24,23,1
2,184,0
23,175,0
9,17,1
5,121,0
20,144,0
18,69,1
1,87,1
18,54,1
20,158,0
4,96,1
20,46,1
8,101,1
24,124,0
22,127,0
20,29,1
19,194,0
20,107,1
14,82,1
6,46,1
20,141,0
13,15,1
1,12,1
10,84,1
11,151,0
11,180,0
19,189,0
18,9,1
4,53,1
6,70,1
13,168,0
9,76,1
2,62,1
17,39,1
20,186,0
25,160,0
19,5,1
6,169,0
15,5,1
4,63,1
24,90,1
10,26,1
9,192,0
21,108,1
22,150,0
13,190,0
12,91,1
19,0,1
7,64,1
5,57,1
9,92,1
4,174,0
7,109,1
5,170,0
14,62,1
15,96,1
10,88,1
19,112,1
11,124,0
2,167,0
4,64,1
20,61,1
16,38,1
7,187,0
14,10,1
24,2,1
21,145,0
6,123,0
15,198,0
19,146,0
7,24,1
25,52,1
13,195,0
25,82,1
25,124,0
24,108,1
16,41,1
9,173,0
18,64,1
11,145,0
3,100,1
23,39,1
4,2,1
15,196,0
17,111,1
19,116,1
17,181,0
12,142,0
1,74,1
10,14,1
3,189,0
3,11,1
22,143,0
13,7,1
12,80,1
7,132,0
16,117,1
23,87,1
17,186,0
25,173,0
2,0,1
3,69,1
8,41,1
14,112,1
6,62,1
5,135,0
14,158,0
18,102,1
1,107,1
18,15,1
10,104,1
2,174,0
8,34,1
10,107,1
4,116,1
4,54,1
11,32,1
9,104,1
20,132,0
2,85,1
15,29,1
1,45,1
7,152,0
24,17,1
10,78,1
6,196,0
3,64,1
3,187,0
24,68,1
10,76,1
2,24,1
1,173,0
16,77,1
5,53,1
4,84,1
5,46,1
25,103,1
23,185,0
21,166,0
12,8,1
20,68,1
2,119,1
25,128,0
5,139,0
1,42,1
16,139,0
19,60,1
14,124,0
21,38,1
17,123,0
24,54,1
10,74,1
12,111,1
25,68,1
8,58,1
2,78,1
14,188,0
10,103,1
23,134,0
22,186,0
19,151,0
21,125,0
23,48,1
4,98,1
14,167,0
25,58,1
25,180,0
21,10,1
21,19,1
24,178,0
13,135,0
7,16,1
5,167,0
7,97,1
20,98,1
13,194,0
25,135,0
13,39,1
18,96,1
7,1,1
22,53,1
10,20,1
23,68,1
21,191,0
21,150,0
14,91,1
18,161,0
15,16,1
16,81,1
20,25,1
9,134,0
22,90,1
4,77,1
22,146,0
11,139,0
25,9,1
1,41,1
6,0,1
17,32,1
10,11,1
11,157,0
14,193,0
3,7,1
7,39,1
19,130,0
2,27,1
15,74,1
23,198,0
5,138,0
23,99,1
6,80,1
12,181,0
8,75,1
8,149,0
13,19,1
15,191,0
3,70,1
8,24,1
2,34,1
18,46,1
7,43,1
1,71,1
11,19,1
6,93,1
19,125,0
15,27,1
1,5,1
13,66,1
3,169,0
6,157,0
13,56,1
23,114,1
20,92,1
22,42,1
13,33,1
18,17,1
21,162,0
19,50,1
3,78,1
13,86,1
14,114,1
15,42,1
10,171,0
12,109,1
11,184,0
12,149,0
4,78,1
22,46,1
2,182,0
23,101,1
15,96,1
23,93,1
13,63,1
9,99,1
